City_ID,City,Country,Date,Lat,Lng,Max Temp,Humidity,Cloudiness,Wind Speed
0,Hami,CN,2022-01-15 16:17:36,42.8,93.45,26.29,54,62,2.3
1,Linfen,CN,2022-01-15 16:17:36,36.0889,111.5189,36.66,34,0,0.69
2,Dikson,RU,2022-01-15 16:17:36,73.5069,80.5464,5.65,91,100,28.36
3,Aguilas,ES,2022-01-15 16:13:10,37.4063,-1.5829,61.2,55,2,4.56
4,Upernavik,GL,2022-01-15 16:15:29,72.7868,-56.1549,2.95,80,100,5.06
5,Geraldton,AU,2022-01-15 16:15:22,-28.7667,114.6,70.21,73,75,23.02
6,Thompson,CA,2022-01-15 16:14:06,55.7435,-97.8558,12.36,85,100,8.05
7,Avarua,CK,2022-01-15 16:15:18,-21.2078,-159.775,75.25,88,100,1.14
8,Bathsheba,BB,2022-01-15 16:17:37,13.2167,-59.5167,83.01,78,75,17.27
9,Non Sung,TH,2022-01-15 16:17:37,15.1801,102.2569,79.23,47,69,7.05
10,Hermanus,ZA,2022-01-15 16:16:30,-34.4187,19.2345,78.91,79,86,3.47
11,Zhigansk,RU,2022-01-15 16:17:37,66.7697,123.3711,-44.21,100,55,1.45
12,Ushuaia,AR,2022-01-15 16:10:30,-54.8,-68.3,44.22,96,100,3.49
13,Komsomolskiy,UZ,2022-01-15 16:17:38,40.4272,71.7189,44.02,48,100,6.91
14,Dingle,PH,2022-01-15 16:15:22,10.9995,122.6711,70.81,83,76,8.72
15,Pevek,RU,2022-01-15 16:15:22,69.7008,170.3133,-29.97,100,99,5.64
16,Penukonda,IN,2022-01-15 16:17:38,14.0833,77.5833,73.71,61,24,11.74
17,Sinnamary,GF,2022-01-15 16:17:38,5.3833,-52.95,82.53,73,26,9.57
18,Maneadero,MX,2022-01-15 16:16:33,31.7167,-116.5667,69.19,52,100,5.99
19,Lebu,CL,2022-01-15 16:17:39,-37.6167,-73.65,61.54,71,58,20.89
20,Saskylakh,RU,2022-01-15 16:17:39,71.9167,114.0833,-30.35,97,61,9.95
21,Bengkulu,ID,2022-01-15 16:17:39,-3.8004,102.2655,77.34,87,97,3.49
22,Angra Dos Reis,BR,2022-01-15 16:17:39,-23.0067,-44.3181,82.36,87,100,2.91
23,Sanmenxia,CN,2022-01-15 16:17:40,34.7747,111.1814,39.22,40,44,0.04
24,Timmins,CA,2022-01-15 16:17:40,48.4669,-81.3331,-22.18,76,20,4.61
25,Ginda,IN,2022-01-15 16:17:40,30.6945,78.4932,38.53,39,33,7.65
26,Ribeira Grande,PT,2022-01-15 16:17:40,38.5167,-28.7,54.0,76,40,11.5
27,Bregovo,BG,2022-01-15 16:17:41,44.1517,22.6425,34.39,66,1,14.47
28,Arraial Do Cabo,BR,2022-01-15 16:15:20,-22.9661,-42.0278,85.96,74,75,13.8
29,Vila,PT,2022-01-15 16:17:41,42.0304,-8.1588,46.33,63,73,2.33
30,Carnarvon,AU,2022-01-15 16:15:19,-24.8667,113.6333,73.47,73,75,27.63
31,Albany,US,2022-01-15 16:12:20,42.6001,-73.9662,5.81,58,25,9.93
32,Hobart,AU,2022-01-15 16:13:07,-42.8794,147.3294,64.26,89,100,6.91
33,Bileca,BA,2022-01-15 16:17:42,42.8719,18.4297,49.89,76,0,7.4
34,Tasiilaq,GL,2022-01-15 16:17:42,65.6145,-37.6368,12.36,51,0,14.83
35,Port Elizabeth,ZA,2022-01-15 16:17:42,-33.918,25.5701,91.09,78,0,11.5
36,Labuhan,ID,2022-01-15 16:17:42,-6.8844,112.2051,79.16,85,100,5.93
37,Mende,FR,2022-01-15 16:17:43,44.6667,3.5,31.62,87,81,1.25
38,Buraydah,SA,2022-01-15 16:16:32,26.326,43.975,59.45,35,0,6.82
39,Colares,PT,2022-01-15 16:17:43,38.7992,-9.4469,59.79,65,20,1.99
40,Mishan,CN,2022-01-15 16:17:43,45.55,131.8833,6.15,96,100,1.05
41,Sabang,ID,2022-01-15 16:17:43,5.8933,95.3214,81.45,74,14,18.77
42,Yellowknife,CA,2022-01-15 16:17:44,62.456,-114.3525,-5.58,79,75,11.5
43,Vaini,TO,2022-01-15 16:17:44,-21.2,-175.2,79.95,77,5,5.61
44,Punta Arenas,CL,2022-01-15 16:15:18,-53.15,-70.9167,53.11,46,100,12.62
45,Bergen,NO,2022-01-15 16:17:44,60.392,5.328,41.14,94,100,14.97
46,Oussouye,SN,2022-01-15 16:17:45,12.485,-16.5469,96.98,22,95,7.52
47,Mahebourg,MU,2022-01-15 16:15:24,-20.4081,57.7,82.69,74,75,6.91
48,Olafsvik,IS,2022-01-15 16:18:45,64.8945,-23.7142,35.02,59,99,29.01
49,Qaqortoq,GL,2022-01-15 16:18:45,60.7167,-46.0333,25.3,91,100,14.67
50,Kaitangata,NZ,2022-01-15 16:16:37,-46.2817,169.8464,51.53,96,30,3.09
51,Vagur,FO,2022-01-15 16:18:46,61.4732,-6.8119,46.89,89,100,34.18
52,Longyearbyen,SJ,2022-01-15 16:18:46,78.2186,15.6401,4.84,66,40,13.8
53,New Norfolk,AU,2022-01-15 16:18:46,-42.7826,147.0587,63.9,77,40,2.04
54,Barrow,US,2022-01-15 16:15:26,71.2906,-156.7887,-16.58,76,40,5.75
55,Rikitea,PF,2022-01-15 16:15:20,-23.1203,-134.9692,77.13,76,100,14.7
56,Abu Dhabi,AE,2022-01-15 16:18:02,24.4667,54.3667,77.11,44,44,5.75
57,Atuona,PF,2022-01-15 16:18:47,-9.8,-139.0333,74.71,88,100,16.44
58,Gardner,US,2022-01-15 16:13:47,42.5751,-71.9981,9.19,38,0,1.99
59,Chokurdakh,RU,2022-01-15 16:18:47,70.6333,147.9167,-24.38,96,100,2.66
60,Huarmey,PE,2022-01-15 16:18:47,-10.0681,-78.1522,74.95,76,51,8.01
61,Berlevag,NO,2022-01-15 16:18:48,70.8578,29.0864,23.0,92,99,20.78
62,Mount Isa,AU,2022-01-15 16:16:39,-20.7333,139.5,91.17,33,52,11.5
63,Busselton,AU,2022-01-15 16:15:20,-33.65,115.3333,61.09,86,7,8.79
64,Gat,IL,2022-01-15 16:18:02,31.61,34.7642,52.39,100,68,10.98
65,East London,ZA,2022-01-15 16:18:48,-33.0153,27.9116,77.94,88,20,14.97
66,Gravdal,NO,2022-01-15 16:18:48,68.1214,13.5031,39.09,93,75,6.91
67,Killybegs,IE,2022-01-15 16:18:49,54.6333,-8.45,44.46,82,100,6.04
68,Terra Santa,BR,2022-01-15 16:18:49,-2.1042,-56.4869,93.45,42,59,5.59
69,Cimahi,ID,2022-01-15 16:18:49,-6.8722,107.5425,69.21,91,100,2.19
70,Norman Wells,CA,2022-01-15 16:18:49,65.282,-126.8329,-7.56,77,100,11.5
71,Port Hedland,AU,2022-01-15 16:18:50,-20.3167,118.5667,84.25,84,100,6.91
72,Zelenogorskiy,RU,2022-01-15 16:18:50,55.0333,87.0,18.12,94,77,4.45
73,San Patricio,US,2022-01-15 16:15:18,28.017,-97.5169,57.29,27,97,24.16
74,College,US,2022-01-15 16:18:50,64.8569,-147.8028,-4.92,82,75,0.0
75,Tuktoyaktuk,CA,2022-01-15 16:15:21,69.4541,-133.0374,-27.4,68,75,0.0
76,Homer,US,2022-01-15 16:18:51,59.6425,-151.5483,36.77,93,100,0.0
77,Mataura,NZ,2022-01-15 16:15:21,-46.1927,168.8643,54.48,95,2,2.17
78,Ancud,CL,2022-01-15 16:18:51,-41.8697,-73.8203,62.42,61,94,8.32
79,Livingstone,ZM,2022-01-15 16:18:51,-17.8419,25.8543,75.7,70,58,5.44
80,Boone,US,2022-01-15 16:18:51,39.0334,-92.3335,35.26,98,100,5.99
81,Port Alfred,ZA,2022-01-15 16:15:27,-33.5906,26.891,73.74,82,100,12.26
82,Kaili,ID,2022-01-15 16:18:52,-3.4626,120.2147,67.48,95,100,1.59
83,Laguna,US,2022-01-15 16:18:52,38.421,-121.4238,53.24,99,100,3.44
84,Pangnirtung,CA,2022-01-15 16:18:52,66.1451,-65.7125,-22.0,76,20,0.0
85,Bubaque,GW,2022-01-15 16:16:30,11.2833,-15.8333,79.11,49,98,8.37
86,Turukhansk,RU,2022-01-15 16:18:53,65.8167,87.9833,6.08,71,100,13.76
87,Pochutla,MX,2022-01-15 16:18:53,15.7432,-96.4661,81.82,50,0,6.22
88,Catalao,BR,2022-01-15 16:18:53,-18.1658,-47.9464,80.31,52,93,8.52
89,Airai,TL,2022-01-15 16:15:23,-8.9266,125.4092,61.77,92,90,3.91
90,Saint-Philippe,RE,2022-01-15 16:18:54,-21.3585,55.7679,81.99,85,100,3.04
91,Pacific Grove,US,2022-01-15 16:15:52,36.6177,-121.9166,57.42,62,0,5.75
92,Salalah,OM,2022-01-15 16:18:54,17.0151,54.0924,75.29,60,0,4.61
93,Kruisfontein,ZA,2022-01-15 16:19:54,-34.0033,24.7314,88.88,32,99,13.82
94,Puerto Carreno,CO,2022-01-15 16:19:55,6.189,-67.4859,90.59,42,99,7.85
95,Gorontalo,ID,2022-01-15 16:19:55,0.5412,123.0595,74.61,92,100,4.05
96,Quelimane,MZ,2022-01-15 16:19:55,-17.8786,36.8883,78.48,84,99,4.81
97,Dalvik,IS,2022-01-15 16:16:20,65.9702,-18.5286,28.33,84,55,11.03
98,Mehran,IR,2022-01-15 16:19:56,33.1222,46.1646,53.08,66,73,2.15
99,Burns Lake,CA,2022-01-15 16:15:11,54.2331,-125.7533,34.5,65,1,12.24
100,Korla,CN,2022-01-15 16:19:56,41.7597,86.1469,24.04,54,3,1.45
101,Torbay,CA,2022-01-15 16:19:56,47.6666,-52.7314,49.28,97,100,42.57
102,Chuy,UY,2022-01-15 16:16:36,-33.6971,-53.4616,99.28,32,9,8.21
103,Havoysund,NO,2022-01-15 16:19:56,70.9963,24.6622,25.68,90,100,11.3
104,Ust-Nera,RU,2022-01-15 16:19:57,64.5667,143.2,-28.21,86,80,1.36
105,Udachnyy,RU,2022-01-15 16:19:57,66.4167,112.4,-37.55,72,53,3.6
106,Jamestown,US,2022-01-15 16:11:55,42.097,-79.2353,9.52,50,0,5.99
107,Provideniya,RU,2022-01-15 16:19:57,64.3833,-173.3,-6.54,90,2,6.08
108,Georgetown,MY,2022-01-15 16:17:33,5.4112,100.3354,82.33,75,20,1.01
109,Stornoway,GB,2022-01-15 16:19:58,58.2093,-6.3865,44.92,87,100,4.0
110,Kampene,CD,2022-01-15 16:19:58,-3.6,26.6667,73.58,87,97,2.91
111,Hambantota,LK,2022-01-15 16:19:58,6.1241,81.1185,77.95,85,30,12.95
112,Severo-Kurilsk,RU,2022-01-15 16:19:59,50.6789,156.125,29.46,73,97,24.85
113,Eyl,SO,2022-01-15 16:19:59,7.9803,49.8164,75.9,68,90,15.93
114,Melfi,IT,2022-01-15 16:19:59,40.9965,15.6514,50.49,84,0,2.86
115,Bredasdorp,ZA,2022-01-15 16:19:59,-34.5322,20.0403,76.32,61,98,10.36
116,Sao Filipe,CV,2022-01-15 16:15:19,14.8961,-24.4956,72.39,67,96,10.83
117,Te Anau,NZ,2022-01-15 16:20:00,-45.4167,167.7167,51.28,92,9,0.78
118,San Policarpo,PH,2022-01-15 16:20:00,12.1791,125.5072,77.23,81,97,18.45
119,Deder,ET,2022-01-15 16:20:01,9.3167,41.45,64.96,47,91,5.48
120,Vardo,NO,2022-01-15 16:20:01,70.3705,31.1107,12.4,71,99,16.67
121,Bristol,US,2022-01-15 16:20:02,41.8334,-71.1662,16.41,37,0,4.0
122,Mount Gambier,AU,2022-01-15 16:20:03,-37.8333,140.7667,54.72,97,14,4.09
123,Lata,PT,2022-01-15 16:20:04,40.1629,-8.3327,58.05,52,47,5.3
124,Vostok,RU,2022-01-15 16:20:04,46.4856,135.8833,-1.35,98,100,3.6
125,Fomboni,KM,2022-01-15 16:20:04,-12.28,43.7425,84.51,70,74,9.78
126,Constitucion,CL,2022-01-15 16:16:25,-35.3333,-72.4167,69.28,69,70,11.45
127,Puerto Ayora,EC,2022-01-15 16:20:05,-0.7393,-90.3518,82.36,77,61,7.36
128,Castro,BR,2022-01-15 16:15:25,-24.7911,-50.0119,79.03,67,96,3.91
129,Asekeyevo,RU,2022-01-15 16:20:05,53.5742,52.7972,19.96,95,100,13.56
130,Qaanaaq,GL,2022-01-15 16:20:05,77.484,-69.3632,-9.42,75,88,6.73
131,Mhango,TZ,2022-01-15 16:20:06,-3.2833,32.85,69.73,78,81,5.79
132,Privodino,RU,2022-01-15 16:19:02,61.0781,46.5044,13.01,97,95,2.42
133,Klaksvik,FO,2022-01-15 16:20:06,62.2266,-6.589,47.32,89,100,31.14
134,Beyneu,KZ,2022-01-15 16:20:06,45.3167,55.2,32.31,80,100,9.19
135,Lavrentiya,RU,2022-01-15 16:15:28,65.5833,-171.0,-13.29,93,33,7.56
136,Mapiripan,CO,2022-01-15 16:20:06,2.8892,-72.1256,94.14,33,75,8.7
137,Kapaa,US,2022-01-15 16:15:25,22.0752,-159.319,69.78,100,0,10.36
138,Voineasa,RO,2022-01-15 16:20:07,44.2833,24.1333,39.42,33,0,6.91
139,Asosa,ET,2022-01-15 16:20:07,10.0667,34.5333,78.28,24,73,2.35
140,Cherskiy,RU,2022-01-15 16:20:07,68.75,161.3,-38.07,97,29,3.09
141,Pingliang,CN,2022-01-15 16:21:08,35.5392,106.6861,32.76,46,95,3.29
142,Port Macquarie,AU,2022-01-15 16:21:08,-31.4333,152.9167,67.96,93,63,10.63
143,Hithadhoo,MV,2022-01-15 16:16:41,-0.6,73.0833,83.93,70,100,13.0
144,San Juan,AR,2022-01-15 16:18:22,-31.5375,-68.5364,99.07,15,88,12.71
145,Zavitinsk,RU,2022-01-15 16:21:08,50.1167,129.45,1.71,97,100,5.66
146,Esperance,AU,2022-01-15 16:21:09,-33.8667,121.9,63.05,79,1,1.28
147,Vanimo,PG,2022-01-15 16:21:09,-2.6741,141.3028,78.46,87,94,6.4
148,Cape Town,ZA,2022-01-15 16:13:39,-33.9258,18.4232,80.11,72,84,8.23
149,Tuatapere,NZ,2022-01-15 16:16:32,-46.1333,167.6833,54.82,88,0,4.16
150,Belmonte,BR,2022-01-15 16:21:09,-15.8631,-38.8828,84.7,63,30,7.7
151,Alofi,NU,2022-01-15 16:21:09,-19.0595,-169.9187,76.89,94,100,3.44
152,Mangai,CD,2022-01-15 16:21:10,-4.05,19.5333,75.42,92,99,2.37
153,Rorvik,NO,2022-01-15 16:21:10,64.8621,11.2373,43.65,91,100,33.91
154,Ottawa,CA,2022-01-15 16:20:15,45.4112,-75.6981,-3.71,57,0,1.01
155,Cozumel,MX,2022-01-15 16:21:10,20.5083,-86.9458,80.94,67,20,3.0
156,Victoria,HK,2022-01-15 16:17:05,22.2855,114.1577,66.38,87,56,8.99
157,Ierapetra,GR,2022-01-15 16:21:11,35.01,25.7353,57.38,61,1,18.01
158,Krasnoarmeysk,RU,2022-01-15 16:21:11,51.0239,45.6969,21.29,88,100,17.09
159,Bousse,BF,2022-01-15 16:21:11,12.6606,-1.8922,91.54,10,6,16.28
160,Grindavik,IS,2022-01-15 16:21:11,63.8424,-22.4338,34.27,60,75,23.02
161,Aklavik,CA,2022-01-15 16:21:12,68.2191,-135.0107,-25.6,75,40,4.61
162,Yeniseysk,RU,2022-01-15 16:21:12,58.4497,92.1703,4.93,84,99,9.53
163,Bambous Virieux,MU,2022-01-15 16:16:33,-20.3428,57.7575,82.65,74,75,6.91
164,Hammond,US,2022-01-15 16:19:20,41.5834,-87.5,24.98,74,75,8.01
165,Ilulissat,GL,2022-01-15 16:15:26,69.2167,-51.1,8.62,61,20,24.16
166,Chiredzi,ZW,2022-01-15 16:21:12,-21.05,31.6667,87.78,35,66,5.12
167,Tam Ky,VN,2022-01-15 16:21:13,15.5667,108.4833,69.78,88,54,4.72
168,Irtyshskiy,RU,2022-01-15 16:21:13,58.3333,68.1333,7.86,98,93,6.08
169,Faya,SA,2022-01-15 16:16:37,18.3851,42.4509,59.11,70,17,9.13
170,Cayenne,GF,2022-01-15 16:21:13,4.9333,-52.3333,87.84,84,20,3.0
171,Hilo,US,2022-01-15 16:15:00,19.7297,-155.09,69.24,72,20,8.05
172,Volot,RU,2022-01-15 16:21:14,57.9278,30.7025,28.11,91,54,10.92
173,Srednekolymsk,RU,2022-01-15 16:21:14,67.45,153.6833,-33.83,99,84,3.04
174,Chimore,BO,2022-01-15 16:21:14,-16.9833,-65.1333,85.8,60,33,4.23
175,Cidreira,BR,2022-01-15 16:16:30,-30.1811,-50.2056,86.09,60,4,9.73
176,Takoradi,GH,2022-01-15 16:21:15,4.8845,-1.7554,83.62,70,100,13.38
177,Zhengjiatun,CN,2022-01-15 16:21:15,43.5064,123.5064,2.82,81,8,9.86
178,Batagay,RU,2022-01-15 16:21:15,67.6333,134.6333,-33.88,99,98,1.57
179,Bairiki,KI,2022-01-15 16:21:15,1.3292,172.9752,80.6,94,75,5.75
180,Harlingen,US,2022-01-15 16:19:25,26.1906,-97.6961,62.56,44,100,28.77
181,Saint George,US,2022-01-15 16:13:44,37.1041,-113.5841,43.36,63,0,3.44
182,Itoman,JP,2022-01-15 16:21:16,26.1247,127.6694,62.62,72,100,6.91
183,Pandaria,IN,2022-01-15 16:21:16,22.2333,81.4167,62.44,71,42,4.36
184,Izumo,JP,2022-01-15 16:21:16,35.3667,132.7667,33.75,74,72,8.1
185,Necochea,AR,2022-01-15 16:21:17,-38.5473,-58.7368,95.04,31,0,12.64
186,Saldanha,ZA,2022-01-15 16:21:17,-33.0117,17.9442,78.85,81,59,10.09
187,Biak,ID,2022-01-15 16:21:17,-0.9131,122.8766,76.78,80,72,6.15
188,Itarema,BR,2022-01-15 16:21:17,-2.9248,-39.9167,86.85,58,25,11.56
189,Narsaq,GL,2022-01-15 16:22:18,60.9167,-46.05,25.02,93,100,12.15
190,Fortuna,US,2022-01-15 16:22:18,40.5982,-124.1573,41.67,93,0,12.66
191,Hoshcha,UA,2022-01-15 16:22:18,50.6003,26.6744,31.89,77,99,16.51
192,Roald,NO,2022-01-15 16:22:18,62.5833,6.1333,43.32,81,75,13.8
193,Kavaratti,IN,2022-01-15 16:22:19,10.5669,72.642,80.22,68,91,9.26
194,Davila,PH,2022-01-15 16:22:19,18.4726,120.5763,72.68,74,21,9.26
195,Khatanga,RU,2022-01-15 16:15:24,71.9667,102.5,-8.59,94,100,6.76
196,Pringsewu,ID,2022-01-15 16:22:19,-5.3582,104.9744,74.91,94,100,1.14
197,Wagar,SD,2022-01-15 16:22:20,16.1525,36.2032,87.35,32,16,7.47
198,Plouzane,FR,2022-01-15 16:22:20,48.3833,-4.6167,48.25,93,100,10.36
199,Souillac,MU,2022-01-15 16:15:28,-20.5167,57.5167,82.78,74,75,6.91
200,Yar-Sale,RU,2022-01-15 16:16:35,66.8333,70.8333,9.25,95,100,11.12
201,San Andres,CO,2022-01-15 16:20:05,12.5847,-81.7006,84.22,61,20,11.5
202,Yatou,CN,2022-01-15 16:22:21,37.15,122.3833,30.24,58,15,16.71
203,Raton,US,2022-01-15 16:22:21,36.9034,-104.4391,38.64,54,0,3.44
204,Mar Del Plata,AR,2022-01-15 16:22:21,-38.0023,-57.5575,81.0,74,0,8.99
205,Shinyanga,TZ,2022-01-15 16:22:22,-3.6667,33.4333,75.11,62,69,3.91
206,Nanortalik,GL,2022-01-15 16:22:22,60.1432,-45.2371,26.11,92,100,12.68
207,Acapulco,MX,2022-01-15 16:16:36,16.8634,-99.8901,78.62,69,100,0.0
208,Avera,US,2022-01-15 16:22:22,33.194,-82.5271,48.38,67,100,7.27
209,Mitu,CO,2022-01-15 16:22:23,1.1983,-70.1733,84.58,64,93,3.29
210,Salme,NP,2022-01-15 16:22:23,28.0369,85.0942,44.89,44,0,6.71
211,Antofagasta,CL,2022-01-15 16:22:23,-23.65,-70.4,75.22,61,50,8.46
212,Touros,BR,2022-01-15 16:22:24,-5.1989,-35.4608,81.5,57,40,11.65
213,Mogadishu,SO,2022-01-15 16:18:46,2.0371,45.3438,78.62,78,60,19.53
214,Hasaki,JP,2022-01-15 16:22:24,35.7333,140.8333,30.6,56,100,3.31
215,Sao Joao Da Barra,BR,2022-01-15 16:22:24,-21.6403,-41.0511,84.29,75,65,5.99
216,Tigil,RU,2022-01-15 16:22:25,57.8,158.6667,-10.41,99,28,1.9
217,Aquiraz,BR,2022-01-15 16:22:25,-3.9014,-38.3911,84.22,91,70,9.51
218,Haines Junction,CA,2022-01-15 16:22:25,60.7522,-137.5108,22.95,93,100,1.14
219,Arman,RU,2022-01-15 16:22:26,59.7,150.1667,-4.86,80,0,9.62
220,Abatskoye,RU,2022-01-15 16:22:26,56.2875,70.4555,10.53,93,80,10.49
221,Marawi,PH,2022-01-15 16:22:26,7.9986,124.2928,66.65,98,100,2.68
222,Sitka,US,2022-01-15 16:22:27,57.0531,-135.33,39.09,93,100,6.91
223,Tripoli,LY,2022-01-15 16:22:27,32.8752,13.1875,56.23,62,85,13.44
224,Vila Velha,BR,2022-01-15 16:21:27,-20.3297,-40.2925,85.95,58,20,10.36
225,Aleksandrovka,UA,2022-01-15 16:22:27,46.8383,32.7612,35.06,68,78,16.87
226,Sorland,NO,2022-01-15 16:16:38,67.667,12.6934,39.27,88,100,33.49
227,Rawson,AR,2022-01-15 16:22:28,-43.3002,-65.1023,78.42,29,1,3.71
228,Pustoshka,RU,2022-01-15 16:22:28,56.3355,29.369,29.01,90,93,10.16
229,Gap,FR,2022-01-15 16:22:29,44.6667,6.0,28.06,77,7,4.23
230,Silale,LT,2022-01-15 16:22:29,55.4906,22.1814,31.48,81,19,8.16
231,Cap Malheureux,MU,2022-01-15 16:22:29,-19.9842,57.6142,82.89,83,98,1.99
232,Kreminna,UA,2022-01-15 16:22:29,49.0495,38.2179,30.0,88,100,14.25
233,Roma,US,2022-01-15 16:23:30,43.2128,-75.4557,2.08,61,54,3.0
234,Lagoa,PT,2022-01-15 16:23:30,39.05,-27.9833,55.29,64,100,25.46
235,Bethel,US,2022-01-15 16:23:30,41.3712,-73.414,15.49,54,0,4.0
236,Usinsk,RU,2022-01-15 16:23:31,65.9939,57.5281,0.82,97,86,9.35
237,Kodiak,US,2022-01-15 16:16:30,57.79,-152.4072,35.11,80,75,4.61
238,Sao Felix Do Xingu,BR,2022-01-15 16:23:31,-6.6447,-51.995,80.85,83,87,3.65
239,Mont-Dore,NC,2022-01-15 16:23:32,-22.2833,166.5833,69.78,80,1,5.48
240,Baykit,RU,2022-01-15 16:23:32,61.67,96.37,-9.45,100,99,1.74
241,Ellensburg,US,2022-01-15 16:22:18,46.9965,-120.5479,34.48,94,100,3.44
242,Vondrozo,MG,2022-01-15 16:23:32,-22.8167,47.2833,68.31,98,100,3.49
243,Paamiut,GL,2022-01-15 16:23:33,61.994,-49.6678,23.27,79,100,13.4
244,Sampit,ID,2022-01-15 16:23:33,-2.5333,112.95,74.89,95,100,0.96
245,Cabo San Lucas,MX,2022-01-15 16:15:56,22.8909,-109.9124,77.61,58,0,0.0
246,Bluff,NZ,2022-01-15 16:16:38,-46.6,168.3333,54.81,86,34,4.61
247,Fort Nelson,CA,2022-01-15 16:23:33,58.8053,-122.7002,15.39,92,100,0.0
248,Kambove,CD,2022-01-15 16:23:34,-10.8764,26.5969,66.92,93,82,3.67
249,Klyuchi,RU,2022-01-15 16:23:34,52.2667,79.1667,19.47,78,5,16.55
250,Ketchikan,US,2022-01-15 16:23:34,55.3422,-131.6461,42.78,87,100,9.22
251,Yambio,SS,2022-01-15 16:23:34,4.5721,28.3955,86.61,38,95,2.91
252,Manjacaze,MZ,2022-01-15 16:23:35,-24.7117,33.8828,78.91,62,0,9.37
253,Uribia,CO,2022-01-15 16:23:35,11.7139,-72.266,87.08,48,36,14.25
254,Tiznit,MA,2022-01-15 16:23:36,29.5833,-9.5,64.38,22,1,6.6
255,Leh,IN,2022-01-15 16:19:12,34.1667,77.5833,-5.31,64,37,4.5
256,Veraval,IN,2022-01-15 16:23:36,20.9,70.3667,70.21,55,21,4.79
257,Mayo,US,2022-01-15 16:23:36,38.8876,-76.5119,26.35,43,0,8.01
258,Sur,OM,2022-01-15 16:23:37,22.5667,59.5289,71.04,61,0,12.48
259,Bilma,NE,2022-01-15 16:23:37,18.6853,12.9164,71.62,17,2,13.22
260,Alvik,SE,2022-01-15 16:23:37,60.7477,14.8746,31.73,78,100,8.34
261,Ondjiva,AO,2022-01-15 16:23:37,-17.0667,15.7333,76.64,16,100,9.6
262,Jalu,LY,2022-01-15 16:23:38,29.0331,21.5482,57.13,48,31,9.8
263,Hearst,CA,2022-01-15 16:23:38,49.6835,-83.6665,-10.95,79,79,7.34
264,Kushiro,JP,2022-01-15 16:23:38,42.975,144.3747,24.08,81,12,5.86
265,Staritsa,RU,2022-01-15 16:19:20,56.5075,34.9354,24.76,86,100,13.09
266,Verkhnetulomskiy,RU,2022-01-15 16:23:39,68.6073,31.7962,14.13,100,65,4.23
267,Vorontsovka,RU,2022-01-15 16:23:39,50.6132,40.3549,26.83,92,99,14.56
268,Cabedelo,BR,2022-01-15 16:23:39,-6.9811,-34.8339,75.87,77,100,11.61
269,Tabor,CZ,2022-01-15 16:23:40,49.4144,14.6578,34.68,94,14,1.68
270,Sussex,US,2022-01-15 16:23:40,41.1834,-74.6663,17.08,44,0,6.91
271,Coxim,BR,2022-01-15 16:23:40,-18.5067,-54.76,90.37,52,84,6.82
272,Iqaluit,CA,2022-01-15 16:23:41,63.7506,-68.5145,-25.31,60,0,8.01
273,Codrington,AU,2022-01-15 16:23:41,-38.2667,141.9667,55.69,94,16,4.59
274,Valparaiso,CL,2022-01-15 16:20:16,-33.0393,-71.6273,71.24,67,75,8.05
275,Sile,TR,2022-01-15 16:23:41,41.1754,29.6133,45.57,46,13,1.99
276,Nelson Bay,AU,2022-01-15 16:23:42,-32.7167,152.15,70.09,95,8,5.53
277,Mehamn,NO,2022-01-15 16:24:42,71.0357,27.8492,22.95,74,40,21.85
278,Jinka,ET,2022-01-15 16:24:42,5.65,36.65,74.19,43,99,1.88
279,Palmerston,AU,2022-01-15 16:21:35,-12.486,130.9833,82.38,89,40,6.91
280,Olinda,BR,2022-01-15 16:24:43,-8.0089,-34.8553,76.73,88,75,8.05
281,San Jose De Sisa,PE,2022-01-15 16:24:43,-6.6167,-76.6915,75.92,97,100,1.01
282,San Cristobal,VE,2022-01-15 16:20:07,7.7669,-72.225,71.78,38,67,8.43
283,Grand Gaube,MU,2022-01-15 16:24:43,-20.0064,57.6608,82.8,83,99,10.2
284,Lakes Entrance,AU,2022-01-15 16:24:44,-37.8811,147.981,66.58,91,5,4.92
285,Bowen,AU,2022-01-15 16:24:44,-20.0167,148.2333,73.62,74,3,8.19
286,Rumonge,BI,2022-01-15 16:24:44,-3.9736,29.4386,74.52,79,97,1.48
287,Shelburne,CA,2022-01-15 16:20:41,44.0787,-80.2041,0.12,69,100,6.91
288,Sindor,RU,2022-01-15 16:24:44,62.8629,51.8905,-5.85,100,69,2.19
289,Faanui,PF,2022-01-15 16:24:45,-16.4833,-151.75,77.31,90,100,30.49
290,Xuzhou,CN,2022-01-15 16:19:59,34.1805,117.1571,39.25,64,100,5.55
291,Coahuayana,MX,2022-01-15 16:24:45,18.7333,-103.6833,80.08,57,20,1.9
292,Isangel,VU,2022-01-15 16:24:45,-19.55,169.2667,75.65,77,80,7.74
293,Butaritari,KI,2022-01-15 16:16:40,3.0707,172.7902,81.25,83,99,17.6
294,Harper,LR,2022-01-15 16:24:46,4.375,-7.7169,82.54,71,100,6.11
295,Wanning,CN,2022-01-15 16:24:46,18.8003,110.3967,69.13,87,62,2.28
296,Butajira,ET,2022-01-15 16:24:46,8.1167,38.3667,68.07,47,94,2.66
297,Sirjan,IR,2022-01-15 16:24:46,29.452,55.6814,46.35,79,67,17.58
298,Ahipara,NZ,2022-01-15 16:24:47,-35.1667,173.1667,63.99,81,100,8.5
299,Kanata,CA,2022-01-15 16:24:47,45.3159,-75.8985,-3.95,61,0,5.01
300,Malindi,KE,2022-01-15 16:24:47,-3.2175,40.1191,78.82,80,38,11.68
301,Macapa,BR,2022-01-15 16:24:48,0.0389,-51.0664,89.58,66,75,9.22
302,Adrar,MR,2022-01-15 16:24:48,20.5022,-10.0711,73.24,14,83,15.12
303,Dowa,MW,2022-01-15 16:24:48,-13.654,33.9375,71.87,89,99,5.61
304,Mormugao,IN,2022-01-15 16:24:48,15.4,73.8,74.46,78,80,2.3
305,Lebanon,US,2022-01-15 16:24:05,36.2081,-86.2911,41.2,87,0,8.05
306,Benghazi,LY,2022-01-15 16:24:49,32.1167,20.0667,56.82,80,96,16.51
307,Prince Rupert,CA,2022-01-15 16:24:49,54.3161,-130.3201,44.69,81,100,10.36
308,Talara,PE,2022-01-15 16:16:32,-4.5772,-81.2719,79.56,61,75,13.8
309,Tres Lagoas,BR,2022-01-15 16:24:49,-20.7511,-51.6783,96.13,35,75,1.43
310,Ambilobe,MG,2022-01-15 16:24:50,-13.2,49.05,79.2,81,7,4.36
311,Hovd,MN,2022-01-15 16:24:50,48.0056,91.6419,0.88,87,94,1.66
312,Paris,FR,2022-01-15 16:22:00,48.8534,2.3488,45.1,80,72,1.99
313,Kimbe,PG,2022-01-15 16:24:50,-5.5502,150.1429,76.05,93,98,1.23
314,Porto Santo,PT,2022-01-15 16:24:51,33.072,-16.3415,68.38,64,0,17.27
315,Gamba,GA,2022-01-15 16:24:51,-2.65,10.0,79.47,79,97,7.85
316,Clyde River,CA,2022-01-15 16:24:51,70.4692,-68.5914,-23.57,69,20,3.44
317,Katsuura,JP,2022-01-15 16:24:51,35.1333,140.3,42.91,66,97,3.6
318,Mont-De-Marsan,FR,2022-01-15 16:24:52,44.0,-0.6667,53.08,77,0,3.44
319,Port Hardy,CA,2022-01-15 16:11:38,50.6996,-127.4199,45.75,90,100,3.0
320,Kysyl-Syr,RU,2022-01-15 16:24:52,63.8986,122.7617,-42.93,100,68,2.68
321,La Asuncion,VE,2022-01-15 16:24:52,11.0333,-63.8628,80.62,75,56,13.24
322,Nailon,PH,2022-01-15 16:25:53,11.0521,124.0385,75.43,76,38,10.56
323,Alindao,CF,2022-01-15 16:25:53,5.0267,21.2088,94.96,21,15,2.08
324,Rudraprayag,IN,2022-01-15 16:25:53,30.2833,78.9833,49.53,50,21,3.85
325,Na Wa,TH,2022-01-15 16:25:54,17.4897,104.1006,76.23,54,30,6.38
326,Sechura,PE,2022-01-15 16:25:54,-5.5569,-80.8222,78.19,60,94,8.39
327,Marienburg,PL,2022-01-15 16:25:54,54.0359,19.0266,35.26,79,51,6.44
328,Tarko-Sale,RU,2022-01-15 16:25:54,64.9225,77.785,5.59,90,100,19.22
329,Orange,US,2022-01-15 16:21:08,33.7,-117.7675,67.17,73,100,10.36
330,Tateyama,JP,2022-01-15 16:25:55,34.9833,139.8667,42.82,53,89,6.78
331,Abalak,RU,2022-01-15 16:25:55,58.1286,68.5944,8.44,98,96,5.23
332,Hamilton,US,2022-01-15 16:22:18,39.1834,-84.5333,30.63,75,100,1.99
333,Amapa,BR,2022-01-15 16:25:55,1.0,-52.0,79.68,88,62,2.89
334,Padang,ID,2022-01-15 16:25:56,-0.9492,100.3543,78.94,83,25,4.27
335,Juneau,US,2022-01-15 16:25:56,58.3019,-134.4197,38.84,96,100,10.36
336,Sibolga,ID,2022-01-15 16:25:56,1.7427,98.7792,77.31,88,42,3.74
337,Marrakesh,MA,2022-01-15 16:25:57,31.6315,-8.0083,71.67,24,20,6.91
338,Huilong,CN,2022-01-15 16:25:57,31.8111,121.655,47.03,71,100,3.44
339,Waddan,LY,2022-01-15 16:25:57,29.1614,16.139,55.2,38,29,6.73
340,Tiksi,RU,2022-01-15 16:25:57,71.6872,128.8694,-23.51,99,45,6.17
341,Sambava,MG,2022-01-15 16:25:58,-14.2667,50.1667,81.28,86,26,4.61
342,Oranjestad,AW,2022-01-15 16:25:58,12.524,-70.027,85.95,58,40,16.11
343,Bonfim,BR,2022-01-15 16:25:59,3.0833,-59.95,92.62,42,85,4.47
344,Nichinan,JP,2022-01-15 16:25:59,31.6,131.3667,44.76,75,0,5.88
345,Xixiang,CN,2022-01-15 16:25:59,35.1628,112.865,38.61,50,50,3.65
346,Hoi An,VN,2022-01-15 16:25:59,15.8794,108.335,69.76,85,48,5.32
347,Krasnoselkup,RU,2022-01-15 16:26:00,65.7,82.4667,0.95,87,68,17.85
348,Comodoro Rivadavia,AR,2022-01-15 16:26:00,-45.8667,-67.5,73.26,20,0,28.77
349,Isla Mujeres,MX,2022-01-15 16:26:00,21.2311,-86.731,78.85,51,0,8.88
350,Yerbogachen,RU,2022-01-15 16:26:01,61.2767,108.0108,-29.47,100,63,1.36
351,Okhotsk,RU,2022-01-15 16:26:01,59.3833,143.3,-5.44,76,100,10.0
352,Balakhta,RU,2022-01-15 16:26:01,55.38,91.6,-7.02,98,15,3.29
353,Palembang,ID,2022-01-15 16:26:02,-2.9167,104.7458,77.09,88,20,2.3
354,Jaciara,BR,2022-01-15 16:26:02,-15.9653,-54.9683,87.94,55,55,5.59
355,Saint-Joseph,RE,2022-01-15 16:26:02,-21.3667,55.6167,80.98,83,99,4.68
356,Matagami,CA,2022-01-15 16:26:02,49.7502,-77.6328,-18.29,76,75,2.3
357,Port Keats,AU,2022-01-15 16:26:03,-14.25,129.55,81.3,81,100,8.52
358,Nicoya,CR,2022-01-15 16:26:03,10.1483,-85.452,85.55,48,5,5.3
359,Rincon,US,2022-01-15 16:26:03,32.296,-81.2354,58.86,76,100,4.61
360,Diapaga,BF,2022-01-15 16:26:03,12.0708,1.7889,92.55,9,24,10.96
361,Aswan,EG,2022-01-15 16:26:04,24.0934,32.907,63.7,25,0,6.91
362,Kaoma,ZM,2022-01-15 16:26:04,-14.7833,24.8,74.1,64,90,2.37
363,Otradnoye,RU,2022-01-15 16:26:04,59.7775,30.8181,32.05,92,49,9.44
364,Margate,GB,2022-01-15 16:27:05,51.3813,1.3862,42.51,91,12,1.99
365,Christchurch,NZ,2022-01-15 16:23:49,-43.5333,172.6333,60.94,78,75,1.01
366,Emerald,AU,2022-01-15 16:27:05,-23.5333,148.1667,78.94,73,0,8.05
367,Daman,IN,2022-01-15 16:27:05,20.4167,72.85,72.1,61,9,10.38
368,Lang Son,VN,2022-01-15 16:27:06,21.8333,106.7333,65.17,91,90,1.77
369,Vao,NC,2022-01-15 16:27:06,-22.6667,167.4833,76.03,71,1,10.6
370,Vesoul,FR,2022-01-15 16:27:06,47.5833,5.8333,36.66,83,92,3.13
371,Nurobod,UZ,2022-01-15 16:27:07,40.9056,69.8023,49.05,41,100,8.9
372,Ozernovskiy,RU,2022-01-15 16:27:07,51.5,156.5167,25.77,72,55,11.1
373,Lorengau,PG,2022-01-15 16:27:08,-2.0226,147.2712,82.24,78,100,7.23
374,Tilichiki,RU,2022-01-15 16:27:08,60.4667,166.1,-19.1,90,5,10.6
375,Maldonado,UY,2022-01-15 16:27:08,-34.6667,-54.9167,94.39,27,27,4.27
376,Chapais,CA,2022-01-15 16:27:08,49.7834,-74.8492,-18.62,91,24,6.96
377,Lieksa,FI,2022-01-15 16:27:09,63.3167,30.0167,19.56,90,97,8.03
378,Tortosa,ES,2022-01-15 16:23:22,40.8125,0.5216,57.85,46,0,0.92
379,Boguchany,RU,2022-01-15 16:27:09,58.3814,97.4531,-10.41,99,12,2.59
380,Manor,IN,2022-01-15 16:27:09,19.75,72.9167,69.82,64,19,8.08
381,Quesnel,CA,2022-01-15 16:27:10,52.9999,-122.5029,27.1,100,20,2.3
382,Holt,US,2022-01-15 16:27:10,42.6406,-84.5153,17.62,67,0,3.0
383,Talnakh,RU,2022-01-15 16:27:10,69.4865,88.3972,6.21,82,78,13.49
384,Trento,IT,2022-01-15 16:27:11,46.0679,11.1211,48.96,62,0,1.05
385,Kahului,US,2022-01-15 16:27:11,20.8947,-156.47,69.06,82,20,6.91
386,Broome,US,2022-01-15 16:27:11,42.2506,-75.833,7.09,57,0,7.0
387,Atar,MR,2022-01-15 16:27:12,20.5169,-13.0499,85.05,13,66,12.93
388,Huaicheng,CN,2022-01-15 16:27:12,23.9051,112.1931,59.14,88,100,0.67
389,Marovoay,MG,2022-01-15 16:27:12,-16.1,46.6333,82.54,87,100,4.9
390,Moanda,GA,2022-01-15 16:27:12,-1.5575,13.2178,82.63,87,99,3.0
391,Pisco,PE,2022-01-15 16:27:13,-13.7,-76.2167,76.01,78,0,9.22
392,Goderich,CA,2022-01-15 16:27:13,43.7501,-81.7165,3.9,55,100,11.5
393,Batan,CR,2022-01-15 16:27:13,10.0844,-83.341,78.62,58,25,3.58
394,Kavieng,PG,2022-01-15 16:27:13,-2.5744,150.7967,82.0,77,51,6.73
395,Turkistan,KZ,2022-01-15 16:27:14,43.0,68.0,42.24,85,100,8.32
396,Anzio,IT,2022-01-15 16:27:14,41.4853,12.6179,56.32,65,0,9.01
397,Nhulunbuy,AU,2022-01-15 16:27:14,-12.2333,136.7667,81.21,89,40,5.75
398,Belaya Gora,RU,2022-01-15 16:27:15,68.5333,146.4167,-28.91,97,100,2.17
399,Inhambane,MZ,2022-01-15 16:26:17,-23.865,35.3833,80.58,83,75,6.91
400,Nampula,MZ,2022-01-15 16:27:15,-15.1165,39.2666,75.15,88,75,9.22
401,Kasane,BW,2022-01-15 16:27:15,-17.8167,25.15,77.09,53,20,5.75
402,San Felipe,VE,2022-01-15 16:27:16,10.3399,-68.7425,86.43,49,77,5.21
403,Alanya,TR,2022-01-15 16:27:16,36.5438,31.9998,55.53,50,0,10.8
404,Raga,SS,2022-01-15 16:27:16,8.4596,25.678,92.43,25,50,3.27
405,Karpathos,GR,2022-01-15 16:27:16,35.507,27.2132,57.16,58,20,25.32
406,Bonthe,SL,2022-01-15 16:27:17,7.5264,-12.505,85.89,61,95,11.5
407,Campbellsville,US,2022-01-15 16:27:17,37.3434,-85.3419,38.71,58,100,1.99
408,Hualmay,PE,2022-01-15 16:27:17,-11.0964,-77.6139,74.71,75,100,7.67
409,Tura,IN,2022-01-15 16:27:18,25.5198,90.2201,57.56,61,0,2.64
410,Kudahuvadhoo,MV,2022-01-15 16:28:18,2.6708,72.8944,82.63,72,100,12.68
411,Waipawa,NZ,2022-01-15 16:28:19,-41.4122,175.5153,50.63,91,35,4.47
412,Buala,SB,2022-01-15 16:28:19,-8.145,159.5921,79.9,85,100,9.53
413,Carutapera,BR,2022-01-15 16:28:19,-1.195,-46.02,82.9,77,42,5.86
414,Enkoping,SE,2022-01-15 16:28:19,59.6361,17.0777,31.21,77,99,5.95
415,Camocim,BR,2022-01-15 16:28:20,-2.9022,-40.8411,84.94,66,42,10.04
416,Ajaccio,FR,2022-01-15 16:28:20,42.0,8.9167,49.98,67,100,4.61
417,Weligama,LK,2022-01-15 16:28:20,5.9667,80.4167,76.93,86,43,2.24
418,Panevezys,LT,2022-01-15 16:28:21,55.7333,24.35,32.92,80,44,13.09
419,Hervey Bay,AU,2022-01-15 16:28:21,-25.2986,152.8535,71.71,70,2,9.62
420,Kakonko,TZ,2022-01-15 16:28:21,-3.2828,30.9642,67.62,88,99,4.43
421,Juegang,CN,2022-01-15 16:28:21,32.3174,121.1855,41.92,75,100,6.11
422,Samarai,PG,2022-01-15 16:28:22,-10.6167,150.6667,79.97,80,58,9.06
423,Luanda,AO,2022-01-15 16:27:34,-8.8368,13.2343,80.6,69,40,6.91
424,New Castle,US,2022-01-15 16:27:50,41.0037,-80.347,20.23,62,100,5.75
425,Guerrero Negro,MX,2022-01-15 16:28:22,27.9769,-114.0611,66.88,60,100,3.18
426,Egvekinot,RU,2022-01-15 16:28:22,66.3167,-179.1667,-14.98,82,2,15.5
427,Progreso,MX,2022-01-15 16:28:23,21.2833,-89.6667,77.11,49,0,10.89
428,Bilibino,RU,2022-01-15 16:28:23,68.0546,166.4372,-29.49,98,9,4.18
429,Nenjiang,CN,2022-01-15 16:28:23,49.1833,125.2167,1.65,94,100,11.01
430,Colina,BR,2022-01-15 16:28:23,-20.7133,-48.5408,86.38,55,55,3.58
431,Nikolskoye,RU,2022-01-15 16:28:24,59.7035,30.7861,31.89,92,46,9.71
432,Rovenki,UA,2022-01-15 16:28:24,48.0833,39.3776,24.84,95,89,10.51
433,Kimberley,ZA,2022-01-15 16:28:24,-28.7323,24.7623,67.69,88,100,4.61
434,Puerto Escondido,MX,2022-01-15 16:28:25,15.85,-97.0667,80.91,59,3,4.05
435,Tombouctou,ML,2022-01-15 16:28:25,20.0,-3.0,70.72,12,5,16.42
436,Nome,US,2022-01-15 16:28:25,64.5011,-165.4064,12.27,85,100,3.44
437,Nakuru,KE,2022-01-15 16:28:25,-0.2833,36.0667,65.7,62,100,2.77
438,Gladstone,AU,2022-01-15 16:28:26,-23.85,151.25,78.78,78,40,6.91
439,Chaoyang,CN,2022-01-15 16:28:26,41.5703,120.4586,15.01,34,0,12.03
440,Tres Arroyos,AR,2022-01-15 16:28:27,-38.3739,-60.2798,104.58,14,9,10.85
441,Douglas,US,2022-01-15 16:28:27,41.3,-96.167,14.4,80,100,4.0
442,Dindori,IN,2022-01-15 16:28:27,22.95,81.0833,55.13,75,5,6.53
443,Serendah,MY,2022-01-15 16:28:28,3.3646,101.6041,82.18,83,50,2.51
444,Urumqi,CN,2022-01-15 16:28:28,43.801,87.6005,4.15,85,32,2.24
445,Evans,US,2022-01-15 16:28:28,33.5337,-82.1307,48.04,62,0,3.0
446,Cavalcante,BR,2022-01-15 16:28:28,-13.7975,-47.4583,79.23,57,1,9.19
447,Glazunovka,RU,2022-01-15 16:28:29,52.4986,36.3275,24.4,87,99,17.16
448,Porosozero,RU,2022-01-15 16:28:29,62.7191,32.727,20.5,93,100,8.95
449,Xuanzhou,CN,2022-01-15 16:28:30,30.9525,118.7553,44.62,72,100,2.37
450,Araouane,ML,2022-01-15 16:28:30,18.9048,-3.5265,72.19,13,14,16.75
451,Mecca,SA,2022-01-15 16:23:44,21.4267,39.8261,69.03,58,78,7.52
452,Vitorino Freire,BR,2022-01-15 16:28:31,-4.0667,-45.1667,83.1,77,83,3.18
453,Alamosa,US,2022-01-15 16:28:32,37.4695,-105.87,22.35,79,0,0.0
454,Kano,NG,2022-01-15 16:24:35,12.0001,8.5167,87.69,11,0,8.05
455,Doctor Arroyo,MX,2022-01-15 16:28:32,23.6667,-100.1833,64.17,26,6,6.46
456,Yanam,IN,2022-01-15 16:29:32,16.7333,82.2167,72.0,81,20,6.26
457,Marsa Matruh,EG,2022-01-15 16:29:32,31.3525,27.2453,57.4,62,40,9.22
458,Manta,EC,2022-01-15 16:29:33,-0.95,-80.7333,76.78,83,100,3.44
459,Cortez,US,2022-01-15 16:29:33,37.3489,-108.5859,37.42,63,0,4.61
460,Oksfjord,NO,2022-01-15 16:29:33,70.2396,22.3479,25.72,95,100,3.76
461,Balakhninskiy,RU,2022-01-15 16:29:33,58.0106,114.2769,-10.75,100,100,2.33
462,Portland,US,2022-01-15 16:29:34,45.5234,-122.6762,39.88,94,100,4.0
463,Kununurra,AU,2022-01-15 16:29:34,-15.7667,128.7333,76.98,100,40,4.61
464,Ponta Do Sol,PT,2022-01-15 16:29:34,32.6667,-17.1,71.71,66,100,12.55
465,Morehead,US,2022-01-15 16:29:34,37.2711,-87.1764,38.1,78,100,1.99
466,Mwense,ZM,2022-01-15 16:29:35,-10.3845,28.698,70.9,87,100,1.95
467,Bud,US,2022-01-15 16:29:35,39.447,-86.1758,26.91,76,100,13.27
468,Frankfort,ZA,2022-01-15 16:29:35,-27.2667,28.4833,65.44,84,100,8.19
469,Port Lincoln,AU,2022-01-15 16:29:36,-34.7333,135.8667,61.47,89,1,6.78
470,Tottori,JP,2022-01-15 16:29:36,35.5,134.2333,36.25,77,4,10.51
471,Great Falls,US,2022-01-15 16:29:37,47.5002,-111.3008,47.41,37,0,23.02
472,Vila Franca Do Campo,PT,2022-01-15 16:29:37,37.7167,-25.4333,60.19,64,74,16.6
473,Otofuke,JP,2022-01-15 16:29:37,42.9917,143.2003,19.81,84,18,5.08
474,Pathein,MM,2022-01-15 16:29:37,16.7833,94.7333,72.28,86,73,5.61
475,Beira,MZ,2022-01-15 16:29:38,-19.8436,34.8389,82.26,71,7,13.2
476,Dicabisagan,PH,2022-01-15 16:29:38,17.0818,122.4157,72.95,81,97,5.82
477,Linxia,CN,2022-01-15 16:29:38,35.6003,103.2064,29.25,38,96,1.86
478,Jacareacanga,BR,2022-01-15 16:29:39,-6.2222,-57.7528,81.1,82,100,1.9
479,Burnie,AU,2022-01-15 16:29:39,-41.0667,145.9167,61.95,78,10,9.82
480,Balotra,IN,2022-01-15 16:29:39,25.8333,72.2333,60.67,36,0,9.44
481,Jaisalmer,IN,2022-01-15 16:29:39,26.9147,70.9181,61.52,38,3,8.97
482,Coihaique,CL,2022-01-15 16:29:40,-45.5752,-72.0662,50.61,76,100,4.61
483,Athabasca,CA,2022-01-15 16:24:47,54.7169,-113.2854,29.89,67,49,14.99
484,Batemans Bay,AU,2022-01-15 16:29:40,-35.7167,150.1833,70.11,89,86,5.32
485,Markova,UA,2022-01-15 16:29:40,48.6758,24.4138,31.59,78,3,8.75
486,Lalmohan,BD,2022-01-15 16:29:40,22.3384,90.7419,68.74,58,0,8.55
487,Yangambi,CD,2022-01-15 16:29:41,0.8102,24.4336,79.75,69,72,2.77
488,Thinadhoo,MV,2022-01-15 16:29:41,0.5333,72.9333,83.26,74,97,12.73
489,Luderitz,NA,2022-01-15 16:29:41,-26.6481,15.1594,70.36,78,37,8.68
490,Batagay-Alyta,RU,2022-01-15 16:29:42,67.8006,130.4114,-30.46,93,89,5.99
491,Grong,NO,2022-01-15 16:29:42,64.4654,12.3149,32.31,98,100,7.7
492,Russell,US,2022-01-15 16:29:42,32.3502,-85.1999,54.68,64,75,0.0
493,Concepcion Del Oro,MX,2022-01-15 16:29:42,24.6333,-101.4167,56.98,23,15,8.14
494,Evensk,RU,2022-01-15 16:29:43,61.95,159.2333,0.86,67,0,13.85
495,Kidal,ML,2022-01-15 16:29:43,18.4411,1.4078,76.44,7,9,13.85
496,Nishihara,JP,2022-01-15 16:29:43,26.1842,127.7558,61.88,73,100,6.91
497,Umm Kaddadah,SD,2022-01-15 16:29:43,13.6017,26.6876,80.44,19,24,11.25
498,Guangyuan,CN,2022-01-15 16:29:44,32.442,105.823,45.84,60,96,1.68
499,Clonakilty,IE,2022-01-15 16:29:44,51.6231,-8.8706,48.09,85,100,6.85
500,Hay River,CA,2022-01-15 16:29:44,60.8156,-115.7999,1.38,78,75,3.44
501,Palana,RU,2022-01-15 16:29:45,59.1167,159.9667,-3.71,92,9,7.31
502,Almaty,KZ,2022-01-15 16:29:45,43.25,76.95,37.31,52,75,6.71
503,Kirksville,US,2022-01-15 16:29:26,40.1948,-92.5833,25.12,94,100,5.01
504,Vikulovo,RU,2022-01-15 16:29:45,56.8167,70.6107,6.93,98,90,8.14
505,Abu Samrah,SY,2022-01-15 16:30:46,35.3029,37.1841,48.88,71,49,15.75
506,Lompoc,US,2022-01-15 16:30:46,34.6391,-120.4579,62.56,67,0,5.75
507,Angoche,MZ,2022-01-15 16:30:46,-16.2325,39.9086,77.95,89,100,8.01
508,Zyryanka,RU,2022-01-15 16:30:47,65.75,150.85,-41.94,100,89,0.49
509,Upington,ZA,2022-01-15 16:30:34,-28.4478,21.2561,71.98,88,75,14.97
510,Vanavara,RU,2022-01-15 16:30:47,60.34,102.2797,-17.45,100,77,1.63
511,Ballina,AU,2022-01-15 16:30:47,-28.8667,153.5667,71.56,56,40,4.61
512,Kaa-Khem,RU,2022-01-15 16:30:48,51.6833,94.7333,-15.56,94,12,2.28
513,Nizwa,OM,2022-01-15 16:30:48,22.9333,57.5333,67.6,44,1,8.16
514,Giaginskaya,RU,2022-01-15 16:30:48,44.8621,40.0719,30.63,88,80,13.33
515,Namwala,ZM,2022-01-15 16:30:49,-15.7504,26.4384,69.26,87,99,5.12
516,Parambu,BR,2022-01-15 16:30:49,-6.2111,-40.6944,83.75,60,86,7.94
517,Wanaka,NZ,2022-01-15 16:30:49,-44.7,169.15,61.11,70,17,3.18
518,Kamsack,CA,2022-01-15 16:30:49,51.5667,-101.9009,23.45,88,96,12.08
519,Masallatah,LY,2022-01-15 16:30:50,32.6167,14.0,52.86,70,66,16.08
520,Rockport,US,2022-01-15 16:30:50,28.0206,-97.0544,57.22,45,0,8.99
521,Kresek,ID,2022-01-15 16:30:50,-6.1314,106.3797,80.11,83,97,3.89
522,Gazanjyk,TM,2022-01-15 16:30:50,39.2446,55.5154,46.11,64,32,12.59
523,Maniitsoq,GL,2022-01-15 16:30:51,65.4167,-52.9,11.07,72,100,8.68
524,Petionville,HT,2022-01-15 16:30:51,18.5125,-72.2853,82.09,51,20,12.66
525,Puri,IN,2022-01-15 16:30:51,19.8,85.85,68.52,77,2,7.76
526,Alfredo Baquerizo Moreno,EC,2022-01-15 16:30:51,-1.9167,-79.5167,79.72,63,99,2.71
527,Chor,PK,2022-01-15 16:30:52,25.5167,69.7667,64.36,30,9,9.17
528,Vorchdorf,AT,2022-01-15 16:30:52,48.0039,13.9212,34.9,91,0,1.79
529,Kedrovyy,RU,2022-01-15 16:30:52,56.1667,91.8167,-15.14,89,13,4.54
530,Lakatoro,VU,2022-01-15 16:30:53,-16.0999,167.4164,79.14,83,78,1.48
531,Staryy Nadym,RU,2022-01-15 16:30:53,65.6118,72.6842,9.0,95,100,15.32
532,Azuaga,ES,2022-01-15 16:30:53,38.2667,-5.6833,52.97,57,26,1.9
533,Opuwo,NA,2022-01-15 16:30:53,-18.0607,13.84,78.1,18,91,17.4
534,Presidente Epitacio,BR,2022-01-15 16:30:54,-21.7633,-52.1156,93.97,37,100,7.0
535,Port-Gentil,GA,2022-01-15 16:30:54,-0.7193,8.7815,79.63,81,98,11.95
536,Grao Mogol,BR,2022-01-15 16:30:54,-16.5594,-42.8897,79.97,45,36,5.93
537,Akureyri,IS,2022-01-15 16:30:54,65.6835,-18.0878,28.33,59,0,8.05
538,Ocampo,MX,2022-01-15 16:30:55,21.65,-101.5,63.61,30,12,10.87
539,Manicore,BR,2022-01-15 16:30:55,-5.8092,-61.3003,94.06,45,78,2.73
540,East Chicago,US,2022-01-15 16:30:55,41.6392,-87.4548,24.85,74,75,11.5
541,North Bend,US,2022-01-15 16:30:56,43.4065,-124.2243,44.85,100,100,3.44
542,Kloulklubed,PW,2022-01-15 16:30:56,7.0419,134.2556,81.1,72,98,20.24
543,Xushan,CN,2022-01-15 16:30:56,30.1764,121.2457,49.96,70,62,0.69
544,Makakilo City,US,2022-01-15 16:30:56,21.3469,-158.0858,69.28,90,0,4.61
545,Sosva,RU,2022-01-15 16:30:57,59.1766,61.8558,7.84,96,98,5.99
546,Dimitrovgrad,RU,2022-01-15 16:30:57,54.2139,49.6184,12.25,92,100,10.45
547,Los Llanos De Aridane,ES,2022-01-15 16:30:57,28.6585,-17.9182,67.75,40,0,19.57
548,Comarapa,BO,2022-01-15 16:30:58,-17.9,-64.4833,72.09,53,11,9.15
549,Krugersdorp,ZA,2022-01-15 16:27:38,-26.0858,27.7752,74.52,66,100,5.35
550,Rossano,IT,2022-01-15 16:30:58,39.5751,16.6349,45.57,82,0,2.68
551,Sao Jose Da Coroa Grande,BR,2022-01-15 16:30:58,-8.8978,-35.1478,83.79,58,93,9.08
552,Havelock,US,2022-01-15 16:30:59,34.8791,-76.9013,46.38,64,0,1.99
553,Klaebu,NO,2022-01-15 16:31:59,63.2976,10.4826,41.25,92,100,10.4
554,Porto Novo,BJ,2022-01-15 16:31:59,6.4965,2.6036,85.82,69,98,10.2
555,Winton,US,2022-01-15 16:32:00,37.3894,-120.6133,59.34,100,100,0.0
556,Grand-Santi,GF,2022-01-15 16:29:17,4.25,-54.3833,86.05,63,67,4.21
557,Acari,PE,2022-01-15 16:32:00,-15.4311,-74.6158,77.65,71,95,9.53
558,Chirongui,YT,2022-01-15 16:32:00,-12.9319,45.1483,84.13,74,100,9.53
559,Sola,VU,2022-01-15 16:32:01,-13.8833,167.55,81.57,80,97,16.46
560,Filadelfia,US,2022-01-15 16:29:15,39.9523,-75.1638,23.2,31,75,5.01
561,Ostrovnoy,RU,2022-01-15 16:32:01,68.0531,39.5131,20.17,78,100,18.3
562,Namibe,AO,2022-01-15 16:32:01,-15.1961,12.1522,72.03,67,100,8.99
563,Trinidad,BO,2022-01-15 16:32:02,-14.8333,-64.9,87.78,62,40,9.22
564,Soubre,CI,2022-01-15 16:32:02,5.7856,-6.6083,94.59,28,100,3.94
565,Whitianga,NZ,2022-01-15 16:32:02,-36.8333,175.7,59.02,79,45,13.78
566,Akyab,MM,2022-01-15 16:32:03,20.15,92.9,72.16,75,67,6.22
567,Zhanaozen,KZ,2022-01-15 16:32:03,43.3,52.8,36.03,92,100,21.05
568,Along,IN,2022-01-15 16:32:03,28.1667,94.7667,50.22,76,5,2.19
569,Bykovo,RU,2022-01-15 16:32:03,55.6361,38.0803,29.1,74,75,22.37
570,Bundaberg,AU,2022-01-15 16:32:04,-24.85,152.35,71.89,88,3,3.44
571,Kijang,KR,2022-01-15 16:32:04,35.2442,129.2139,29.93,42,0,7.07
572,Granja,BR,2022-01-15 16:32:04,-3.1203,-40.8261,85.53,65,63,6.6
573,Shache,CN,2022-01-15 16:32:04,38.4167,77.2406,26.71,49,57,1.5
574,Calahorra,ES,2022-01-15 16:32:05,42.3051,-1.9652,49.98,52,0,1.5
575,Tessalit,ML,2022-01-15 16:32:05,20.1986,1.0114,67.5,15,1,12.01
576,Pauini,BR,2022-01-15 16:32:05,-7.7136,-66.9764,91.99,48,59,4.72
577,Trapani,IT,2022-01-15 16:32:06,37.8333,12.6667,53.78,87,75,8.05
578,Poum,NC,2022-01-15 16:32:06,-20.2333,164.0167,79.27,80,76,11.74
579,Mazara Del Vallo,IT,2022-01-15 16:32:07,37.6641,12.588,53.55,68,5,14.38
580,Peleduy,RU,2022-01-15 16:32:07,59.6289,112.7406,-3.62,100,100,2.28
581,Hofn,IS,2022-01-15 16:32:07,64.2539,-15.2082,31.26,63,100,18.79
582,Kromy,RU,2022-01-15 16:32:07,52.6876,35.7667,24.98,91,95,15.88
583,Chulym,RU,2022-01-15 16:32:08,55.0997,80.9572,19.17,84,80,21.43
584,Morgan City,US,2022-01-15 16:32:08,29.6994,-91.2068,66.0,94,40,6.91
585,Urla,TR,2022-01-15 16:32:08,38.3229,26.764,53.2,61,0,18.52
586,Naze,JP,2022-01-15 16:32:09,28.3667,129.4833,55.62,68,64,7.9
587,Eregli,TR,2022-01-15 16:32:09,37.5133,34.0467,28.51,92,82,8.43
