City_ID,City,Country,Lat,Lng,Max Temp,Humidity,Cloudiness,Wind Speed,Current Description,Date
0,Cape Town,ZA,-33.9258,18.4232,69.35,63,34,3.42,scattered clouds,2022-01-16 21:55:07
1,Ponta Do Sol,PT,32.6667,-17.1,65.03,62,84,18.48,broken clouds,2022-01-16 21:51:53
2,Norman Wells,CA,65.282,-126.8329,-25.56,68,20,0.0,few clouds,2022-01-16 21:56:32
3,Bubaque,GW,11.2833,-15.8333,78.55,82,99,12.37,overcast clouds,2022-01-16 21:49:39
4,Vaini,TO,-21.2,-175.2,80.11,82,30,12.88,scattered clouds,2022-01-16 21:56:32
5,Strezhevoy,RU,60.7333,77.5889,19.38,94,100,19.39,light snow,2022-01-16 21:56:33
6,Teya,RU,60.3778,92.6267,-7.24,100,99,2.68,overcast clouds,2022-01-16 21:56:33
7,Butaritari,KI,3.0707,172.7902,82.38,77,35,16.64,scattered clouds,2022-01-16 21:56:33
8,Kaitangata,NZ,-46.2817,169.8464,68.65,57,98,2.21,overcast clouds,2022-01-16 21:56:33
9,Stornoway,GB,58.2093,-6.3865,46.92,88,100,8.01,overcast clouds,2022-01-16 21:56:34
10,Issoire,FR,45.55,3.25,25.86,73,6,0.96,clear sky,2022-01-16 21:56:34
11,Kroya,ID,-7.6331,109.2461,76.87,88,41,3.06,scattered clouds,2022-01-16 21:56:34
12,Puerto Ayora,EC,-0.7393,-90.3518,84.16,78,100,10.6,overcast clouds,2022-01-16 21:56:35
13,Canberra,AU,-35.2835,149.1281,76.44,80,68,5.75,broken clouds,2022-01-16 21:55:12
14,Ancud,CL,-41.8697,-73.8203,54.43,52,26,11.45,scattered clouds,2022-01-16 21:56:35
15,Bonavista,CA,48.6499,-53.1147,23.11,77,100,23.15,overcast clouds,2022-01-16 21:54:37
16,Rikitea,PF,-23.1203,-134.9692,77.25,69,35,7.49,scattered clouds,2022-01-16 21:56:35
17,Chuy,UY,-33.6971,-53.4616,77.27,82,99,5.79,overcast clouds,2022-01-16 21:56:36
18,Jamestown,US,42.097,-79.2353,28.71,20,84,11.01,broken clouds,2022-01-16 21:56:36
19,Hilo,US,19.7297,-155.09,80.11,78,1,5.99,clear sky,2022-01-16 21:56:06
20,Iqaluit,CA,63.7506,-68.5145,-25.31,74,75,1.99,broken clouds,2022-01-16 21:56:36
21,Flinders,AU,-34.5833,150.8552,76.37,86,16,4.0,few clouds,2022-01-16 21:48:23
22,Souillac,MU,-20.5167,57.5167,78.37,88,75,5.75,broken clouds,2022-01-16 21:56:37
23,Tasiilaq,GL,65.6145,-37.6368,16.38,94,100,12.77,snow,2022-01-16 21:56:37
24,Goma,CD,-1.6792,29.2228,62.58,91,100,1.81,overcast clouds,2022-01-16 21:56:37
25,Mount Gambier,AU,-37.8333,140.7667,62.51,82,100,10.36,overcast clouds,2022-01-16 21:56:38
26,Dikson,RU,73.5069,80.5464,9.68,91,100,25.19,light snow,2022-01-16 21:56:38
27,Busselton,AU,-33.65,115.3333,53.1,81,1,11.05,clear sky,2022-01-16 21:56:38
28,Port Said,EG,31.2565,32.2841,51.78,82,40,18.41,scattered clouds,2022-01-16 21:56:38
29,Cidreira,BR,-30.1811,-50.2056,77.11,87,100,9.84,light rain,2022-01-16 21:56:39
30,Guarapari,BR,-20.6667,-40.4975,80.49,83,37,10.31,scattered clouds,2022-01-16 21:56:39
31,Carnarvon,AU,-24.8667,113.6333,71.67,88,100,20.71,overcast clouds,2022-01-16 21:56:39
32,Coahuayana,MX,18.7333,-103.6833,84.11,61,57,6.96,broken clouds,2022-01-16 21:56:40
33,Barrow,US,71.2906,-156.7887,-15.83,93,100,6.35,overcast clouds,2022-01-16 21:55:01
34,Tshikapa,CD,-6.4167,20.8,68.92,94,100,2.64,light rain,2022-01-16 21:56:40
35,Mataura,NZ,-46.1927,168.8643,64.49,55,100,2.93,overcast clouds,2022-01-16 21:56:40
36,Thompson,CA,55.7435,-97.8558,-5.64,71,100,9.22,overcast clouds,2022-01-16 21:56:40
37,Muisne,EC,0.6,-80.0333,80.71,81,95,10.65,overcast clouds,2022-01-16 21:56:41
38,Cherskiy,RU,68.75,161.3,-35.52,100,12,4.7,few clouds,2022-01-16 21:56:41
39,New Norfolk,AU,-42.7826,147.0587,69.75,59,11,1.99,few clouds,2022-01-16 21:56:41
40,Nuuk,GL,64.1835,-51.7216,16.88,92,100,11.99,overcast clouds,2022-01-16 21:56:41
41,Te Anau,NZ,-45.4167,167.7167,62.42,68,82,1.88,broken clouds,2022-01-16 21:56:42
42,Kapaa,US,22.0752,-159.319,78.78,73,19,3.0,few clouds,2022-01-16 21:56:42
43,Alekseyevsk,RU,57.8406,108.3492,-5.08,93,99,2.62,overcast clouds,2022-01-16 21:56:42
44,Veinticinco De Mayo,AR,-35.4323,-60.1727,83.98,35,38,5.01,scattered clouds,2022-01-16 21:56:43
45,Troitskoye,RU,52.9821,84.6757,35.55,84,100,10.07,overcast clouds,2022-01-16 21:56:43
46,Malaryta,BY,51.7905,24.074,33.21,63,100,17.38,overcast clouds,2022-01-16 21:56:43
47,Hithadhoo,MV,-0.6,73.0833,80.24,74,99,3.04,overcast clouds,2022-01-16 21:57:43
48,Along,IN,28.1667,94.7667,45.27,66,0,2.95,clear sky,2022-01-16 21:57:44
49,Castro,BR,-24.7911,-50.0119,65.57,96,80,4.56,broken clouds,2022-01-16 21:57:44
50,Khatanga,RU,71.9667,102.5,-16.2,92,18,5.77,few clouds,2022-01-16 21:57:44
51,Avarua,CK,-21.2078,-159.775,84.25,79,100,21.85,overcast clouds,2022-01-16 21:54:02
52,Soc Trang,VN,9.6033,105.98,71.56,84,31,10.87,scattered clouds,2022-01-16 21:57:45
53,Sao Filipe,CV,14.8961,-24.4956,71.6,71,0,2.35,clear sky,2022-01-16 21:57:45
54,Saint-Joseph,RE,-21.3667,55.6167,77.38,86,89,2.75,overcast clouds,2022-01-16 21:57:45
55,Zhigansk,RU,66.7697,123.3711,-49.81,100,64,4.29,broken clouds,2022-01-16 21:57:45
56,Erzin,TR,36.9559,36.2,37.92,45,0,5.97,clear sky,2022-01-16 21:57:46
57,Abashiri,JP,44.0213,144.2697,28.53,97,100,5.19,snow,2022-01-16 21:57:46
58,Bethel,US,41.3712,-73.414,29.05,78,100,5.99,overcast clouds,2022-01-16 21:57:46
59,Bambous Virieux,MU,-20.3428,57.7575,78.22,88,75,5.75,broken clouds,2022-01-16 21:57:47
60,Dhidhdhoo,MV,6.8833,73.1,81.0,74,14,5.46,few clouds,2022-01-16 21:57:47
61,Gweta,BW,-20.1833,25.2333,77.95,56,100,8.97,overcast clouds,2022-01-16 21:57:47
62,Atikokan,CA,48.7555,-91.6216,22.37,91,100,7.49,overcast clouds,2022-01-16 21:57:47
63,Arraial Do Cabo,BR,-22.9661,-42.0278,78.76,73,0,16.11,clear sky,2022-01-16 21:54:10
64,Nikolskoye,RU,59.7035,30.7861,35.87,98,100,14.63,light snow,2022-01-16 21:57:48
65,Salalah,OM,17.0151,54.0924,72.28,71,81,4.54,broken clouds,2022-01-16 21:57:48
66,Atar,MR,20.5169,-13.0499,71.47,16,100,11.77,overcast clouds,2022-01-16 21:57:49
67,Albany,US,42.6001,-73.9662,22.32,49,79,1.99,broken clouds,2022-01-16 21:57:49
68,Kasur,PK,31.1156,74.4467,46.51,51,100,3.6,overcast clouds,2022-01-16 21:57:49
69,Lata,PT,40.1629,-8.3327,54.81,86,68,3.42,broken clouds,2022-01-16 21:57:49
70,Ambanja,MG,-13.6833,48.45,76.55,91,100,2.57,overcast clouds,2022-01-16 21:57:50
71,Ahipara,NZ,-35.1667,173.1667,72.34,61,1,11.07,clear sky,2022-01-16 21:57:51
72,Jawhar,SO,2.7809,45.5005,74.68,81,94,11.88,overcast clouds,2022-01-16 21:57:51
73,Salcedo,PH,12.8105,121.4674,71.44,84,100,10.11,overcast clouds,2022-01-16 21:57:51
74,Bama,NG,11.5221,13.6856,66.24,26,86,7.14,overcast clouds,2022-01-16 21:57:52
75,Qaanaaq,GL,77.484,-69.3632,-7.47,61,0,8.28,clear sky,2022-01-16 21:57:52
76,Bluff,NZ,-46.6,168.3333,60.26,70,99,8.57,overcast clouds,2022-01-16 21:57:52
77,Gat,IL,31.61,34.7642,47.39,100,87,6.08,overcast clouds,2022-01-16 21:57:53
78,Ormond Beach,US,29.2858,-81.0559,63.28,60,75,17.27,broken clouds,2022-01-16 21:57:53
79,Tiksi,RU,71.6872,128.8694,-24.38,98,38,6.42,scattered clouds,2022-01-16 21:57:53
80,Ushuaia,AR,-54.8,-68.3,40.66,65,75,23.02,broken clouds,2022-01-16 21:57:53
81,Esperance,AU,-33.8667,121.9,60.64,68,59,12.93,broken clouds,2022-01-16 21:57:54
82,Upernavik,GL,72.7868,-56.1549,-17.09,90,3,3.83,clear sky,2022-01-16 21:57:54
83,Hermanus,ZA,-34.4187,19.2345,65.52,90,26,5.39,scattered clouds,2022-01-16 21:57:54
84,Mar Del Plata,AR,-38.0023,-57.5575,82.42,71,40,4.0,light rain,2022-01-16 21:57:55
85,Cognac,FR,45.5,-0.25,32.61,100,100,0.0,fog,2022-01-16 21:57:55
86,Grootfontein,NA,-19.5667,18.1167,63.97,100,91,14.03,overcast clouds,2022-01-16 21:57:55
87,Hovd,MN,48.0056,91.6419,3.15,83,90,1.7,overcast clouds,2022-01-16 21:57:55
88,Saint George,US,37.1041,-113.5841,61.27,35,100,3.0,overcast clouds,2022-01-16 21:57:56
89,Coquimbo,CL,-29.9533,-71.3436,69.53,64,0,10.36,clear sky,2022-01-16 21:57:56
90,Verkhoyansk,RU,67.5447,133.385,-45.08,100,86,1.21,overcast clouds,2022-01-16 21:57:56
91,Tacuarembo,UY,-31.7333,-55.9833,89.42,46,76,12.3,light rain,2022-01-16 21:57:57
92,Qasigiannguit,GL,68.8193,-51.1922,-3.96,77,100,5.14,overcast clouds,2022-01-16 21:57:57
93,Torbay,CA,47.6666,-52.7314,23.29,70,40,25.32,scattered clouds,2022-01-16 21:58:57
94,Klaksvik,FO,62.2266,-6.589,36.52,89,100,13.24,overcast clouds,2022-01-16 21:58:58
95,Vysokogornyy,RU,50.1167,139.15,3.06,98,99,2.64,overcast clouds,2022-01-16 21:58:58
96,Fort Frances,CA,48.5999,-93.4003,25.16,79,100,8.99,overcast clouds,2022-01-16 21:55:08
97,Celestun,MX,20.8667,-90.4,72.0,51,17,14.7,few clouds,2022-01-16 21:58:59
98,Bud,US,39.447,-86.1758,37.42,61,0,7.63,clear sky,2022-01-16 21:58:59
99,Baykit,RU,61.67,96.37,-12.32,100,71,2.89,broken clouds,2022-01-16 21:58:59
100,Trairi,BR,-3.2778,-39.2689,79.72,77,13,9.22,few clouds,2022-01-16 21:54:16
101,Havre-Saint-Pierre,CA,50.2334,-63.5986,15.8,72,75,16.11,broken clouds,2022-01-16 21:58:59
102,Guanica,PR,17.9716,-66.908,81.5,77,22,5.99,few clouds,2022-01-16 21:59:00
103,Hobart,AU,-42.8794,147.3294,70.11,74,20,3.0,few clouds,2022-01-16 21:58:05
104,Trabzon,TR,40.9167,39.8333,32.09,75,75,13.8,broken clouds,2022-01-16 21:59:00
105,Kodiak,US,57.79,-152.4072,29.08,66,51,5.1,broken clouds,2022-01-16 21:59:00
106,Abu Kamal,SY,34.4506,40.9171,40.73,32,73,14.92,broken clouds,2022-01-16 21:59:01
107,Mahebourg,MU,-20.4081,57.7,78.26,88,75,5.75,broken clouds,2022-01-16 21:59:01
108,Port Elizabeth,ZA,-33.918,25.5701,72.1,78,100,16.11,overcast clouds,2022-01-16 21:59:01
109,Qaqortoq,GL,60.7167,-46.0333,39.7,78,100,8.32,overcast clouds,2022-01-16 21:49:33
110,Lasa,IT,46.6166,10.7002,35.37,81,21,6.69,few clouds,2022-01-16 21:59:02
111,Hofn,IS,64.2539,-15.2082,28.76,93,100,8.16,light snow,2022-01-16 21:59:02
112,Staunton,US,38.1496,-79.0717,25.29,71,100,1.99,heavy snow,2022-01-16 21:59:02
113,Krasnoselkup,RU,65.7,82.4667,10.02,92,100,16.62,overcast clouds,2022-01-16 21:59:03
114,Katsuura,JP,35.1333,140.3,41.14,63,85,8.88,overcast clouds,2022-01-16 21:59:03
115,Imbituba,BR,-28.24,-48.6703,82.81,84,45,8.61,scattered clouds,2022-01-16 21:59:03
116,Kadoma,JP,34.7333,135.5833,41.18,71,75,2.3,broken clouds,2022-01-16 21:59:03
117,Cuiluan,CN,47.72,128.648,-3.68,99,100,2.39,overcast clouds,2022-01-16 21:59:04
118,Yar-Sale,RU,66.8333,70.8333,-10.19,100,53,5.59,broken clouds,2022-01-16 21:59:04
119,Saint-Philippe,RE,-21.3585,55.7679,78.39,87,98,6.96,overcast clouds,2022-01-16 21:59:04
120,Hobyo,SO,5.3505,48.5268,76.91,73,99,13.8,overcast clouds,2022-01-16 21:49:39
121,Shingu,JP,33.7333,135.9833,46.9,75,99,7.2,overcast clouds,2022-01-16 21:59:05
122,Constitucion,CL,-35.3333,-72.4167,62.4,69,81,18.16,broken clouds,2022-01-16 21:59:05
123,Tres Lagoas,BR,-20.7511,-51.6783,82.08,61,100,16.24,overcast clouds,2022-01-16 21:59:05
124,Vieste,IT,41.8825,16.175,53.28,68,4,4.56,clear sky,2022-01-16 21:59:05
125,Tiznit,MA,29.5833,-9.5,53.74,33,21,6.67,few clouds,2022-01-16 21:57:22
126,Vardo,NO,70.3705,31.1107,28.38,64,75,25.32,broken clouds,2022-01-16 21:59:06
127,Clyde River,CA,70.4692,-68.5914,-7.37,77,100,19.57,mist,2022-01-16 21:59:06
128,Chara,RU,56.9064,118.2631,-31.14,79,22,1.63,few clouds,2022-01-16 21:59:07
129,Tamayo,DO,18.3947,-71.2029,82.11,65,20,18.41,few clouds,2022-01-16 21:59:07
130,Thap Than,TH,15.4606,99.8917,73.71,60,100,1.07,overcast clouds,2022-01-16 21:59:07
131,Temiscaming,CA,46.7212,-79.0971,17.47,62,100,5.75,overcast clouds,2022-01-16 21:59:07
132,Punta Arenas,CL,-53.15,-70.9167,50.11,46,0,24.16,clear sky,2022-01-16 21:59:08
133,Andenes,NO,69.3143,16.1194,31.98,74,75,27.63,broken clouds,2022-01-16 21:59:08
134,Tuatapere,NZ,-46.1333,167.6833,68.59,51,90,6.4,overcast clouds,2022-01-16 21:59:08
135,Nouadhibou,MR,20.931,-17.0347,67.98,56,99,5.75,overcast clouds,2022-01-16 21:59:09
136,Fort Nelson,CA,58.8053,-122.7002,2.79,85,100,9.22,light snow,2022-01-16 21:59:09
137,Vostok,RU,46.4856,135.8833,-2.63,99,100,2.51,light snow,2022-01-16 21:59:09
138,Lichtenburg,ZA,-26.152,26.1597,60.78,86,10,4.0,clear sky,2022-01-16 21:57:18
139,Airai,TL,-8.9266,125.4092,61.52,88,100,2.06,overcast clouds,2022-01-16 22:00:10
140,Yangambi,CD,0.8102,24.4336,69.15,94,100,2.46,overcast clouds,2022-01-16 22:00:10
141,Provideniya,RU,64.3833,-173.3,3.31,60,0,11.18,clear sky,2022-01-16 22:00:11
142,Carbonia,IT,39.1672,8.5222,45.01,83,5,7.96,clear sky,2022-01-16 22:00:12
143,Trat,TH,12.5,102.5,81.99,93,17,2.37,few clouds,2022-01-16 22:00:13
144,Balkhash,KZ,46.844,74.9804,31.08,96,100,3.87,overcast clouds,2022-01-16 22:00:13
145,Karratha,AU,-20.7377,116.8463,79.93,58,12,16.96,few clouds,2022-01-16 22:00:14
146,Mehamn,NO,71.0357,27.8492,26.51,65,100,18.77,overcast clouds,2022-01-16 22:00:15
147,Rajpur,IN,22.3,74.35,61.5,66,0,7.18,clear sky,2022-01-16 22:00:15
148,Ust-Maya,RU,60.4167,134.5333,-32.35,100,96,1.01,overcast clouds,2022-01-16 22:00:16
149,Kenai,US,60.5544,-151.2583,15.03,90,46,1.92,scattered clouds,2022-01-16 21:58:30
150,Keti Bandar,PK,24.1447,67.4497,64.08,39,51,11.95,broken clouds,2022-01-16 22:00:17
151,Seoul,KR,37.5683,126.9778,15.24,38,0,3.67,clear sky,2022-01-16 22:00:17
152,Kailua,US,21.4022,-157.7394,81.07,67,0,3.0,clear sky,2022-01-16 22:00:18
153,Constantine,DZ,36.365,6.6147,35.01,80,0,0.0,clear sky,2022-01-16 21:58:41
154,Saskylakh,RU,71.9167,114.0833,-24.77,94,8,12.64,clear sky,2022-01-16 22:00:19
155,Mamit,IN,23.9333,92.4833,47.25,90,0,2.1,clear sky,2022-01-16 22:00:19
156,Lincoln,US,40.8,-96.667,48.58,64,55,5.01,broken clouds,2022-01-16 21:55:22
157,San Cristobal,VE,7.7669,-72.225,81.05,43,27,0.58,scattered clouds,2022-01-16 22:00:20
158,Umm Kaddadah,SD,13.6017,26.6876,64.02,24,28,17.0,scattered clouds,2022-01-16 22:00:20
159,Sisimiut,GL,66.9395,-53.6735,10.36,82,100,11.65,overcast clouds,2022-01-16 22:00:21
160,Majene,ID,-3.5403,118.9707,76.57,82,100,4.83,overcast clouds,2022-01-16 22:00:21
161,Yunyang,CN,33.4474,112.7142,36.55,69,62,4.72,broken clouds,2022-01-16 22:00:21
162,Sur,OM,22.5667,59.5289,69.85,76,0,12.5,clear sky,2022-01-16 22:00:22
163,Yellowknife,CA,62.456,-114.3525,-12.44,75,74,5.01,broken clouds,2022-01-16 22:00:22
164,George Town,MY,5.4112,100.3354,79.9,83,20,3.0,few clouds,2022-01-16 21:55:54
165,Prince Rupert,CA,54.3161,-130.3201,44.69,93,100,5.75,moderate rain,2022-01-16 21:50:49
166,Biloela,AU,-24.4167,150.5,79.48,71,34,10.16,scattered clouds,2022-01-16 22:00:09
167,Poronaysk,RU,49.2167,143.1167,7.48,96,96,6.13,overcast clouds,2022-01-16 22:00:22
168,Gizo,SB,-8.103,156.8419,82.54,76,96,4.63,light rain,2022-01-16 22:00:23
169,Narsaq,GL,60.9167,-46.05,37.62,84,100,7.78,overcast clouds,2022-01-16 22:00:23
170,Batemans Bay,AU,-35.7167,150.1833,78.98,67,71,4.7,broken clouds,2022-01-16 22:00:14
171,Husavik,IS,66.0449,-17.3389,19.83,93,100,9.86,snow,2022-01-16 22:00:23
172,Naspur,IN,18.8333,79.45,67.42,71,74,5.77,broken clouds,2022-01-16 22:00:24
173,Nautla,MX,20.2167,-96.7833,66.65,48,15,7.85,few clouds,2022-01-16 22:00:24
174,Ilulissat,GL,69.2167,-51.1,5.02,56,75,6.91,broken clouds,2022-01-16 22:00:24
175,Vila Velha,BR,-20.3297,-40.2925,78.94,84,57,1.01,broken clouds,2022-01-16 22:00:25
176,Fria,GN,10.4167,-13.5833,77.22,79,100,2.57,overcast clouds,2022-01-16 22:00:25
177,Georgetown,MY,5.4112,100.3354,79.9,82,40,6.91,scattered clouds,2022-01-16 22:00:16
178,Ixtapa,MX,20.7,-105.2,78.22,80,100,5.01,overcast clouds,2022-01-16 22:00:25
179,Kudahuvadhoo,MV,2.6708,72.8944,81.41,77,100,8.16,overcast clouds,2022-01-16 22:00:26
180,Clarence Town,AU,-32.5833,151.7833,80.35,80,99,1.68,overcast clouds,2022-01-16 22:00:26
181,Paamiut,GL,61.994,-49.6678,30.56,85,100,32.66,light snow,2022-01-16 22:00:26
182,Port Alfred,ZA,-33.5906,26.891,71.92,91,98,11.16,overcast clouds,2022-01-16 22:00:27
183,Bryan,US,30.6744,-96.37,58.66,35,0,5.75,clear sky,2022-01-16 21:56:53
184,Fare,PF,-16.7,-151.0167,79.97,79,96,16.58,moderate rain,2022-01-16 22:00:27
185,Atuona,PF,-9.8,-139.0333,78.67,78,86,21.14,light rain,2022-01-16 22:00:27
186,Skorodnoye,RU,51.071,37.2276,26.49,98,67,7.43,broken clouds,2022-01-16 22:01:28
187,Horadiz,AZ,39.4488,47.3353,33.94,75,100,4.97,overcast clouds,2022-01-16 22:01:28
188,Saldanha,ZA,-33.0117,17.9442,64.35,91,55,7.14,broken clouds,2022-01-16 22:01:28
189,Gladstone,AU,-23.85,151.25,83.79,74,40,5.75,scattered clouds,2022-01-16 22:01:28
190,Polunochnoye,RU,60.8697,60.4153,-15.07,100,65,3.85,broken clouds,2022-01-16 22:01:29
191,Bukoba,TZ,-1.3317,31.8122,66.69,85,100,8.86,light rain,2022-01-16 22:01:29
192,Lebu,CL,-37.6167,-73.65,57.92,61,75,15.43,broken clouds,2022-01-16 22:01:29
193,Kruisfontein,ZA,-34.0033,24.7314,69.89,90,5,4.83,clear sky,2022-01-16 22:01:30
194,Laon,FR,49.5667,3.6667,35.85,94,100,2.86,overcast clouds,2022-01-16 22:01:30
195,Lianran,CN,24.9227,102.485,41.85,97,57,3.62,broken clouds,2022-01-16 22:01:30
196,Goderich,CA,43.7501,-81.7165,23.92,74,4,10.11,clear sky,2022-01-16 22:00:15
197,Nucsoara,RO,45.3333,24.7833,26.56,53,88,3.02,overcast clouds,2022-01-16 22:01:30
198,Great Yarmouth,GB,52.6083,1.7305,44.46,89,99,9.62,overcast clouds,2022-01-16 22:01:31
199,San Patricio,US,28.017,-97.5169,68.09,14,0,7.49,clear sky,2022-01-16 22:01:31
200,Obidos,BR,-1.9175,-55.5181,80.51,71,55,3.74,broken clouds,2022-01-16 22:01:31
201,Kupang,ID,-10.1667,123.5833,73.98,100,100,2.3,overcast clouds,2022-01-16 22:01:31
202,Cabrobo,BR,-8.5142,-39.31,84.31,47,91,4.5,overcast clouds,2022-01-16 22:01:32
203,Maarianhamina,AX,60.0973,19.9348,37.26,81,0,10.36,light rain,2022-01-16 22:01:32
204,Naze,JP,28.3667,129.4833,54.52,71,100,16.49,overcast clouds,2022-01-16 22:01:32
205,Los Llanos De Aridane,ES,28.6585,-17.9182,65.95,37,97,3.0,haze,2022-01-16 22:01:32
206,Grand-Lahou,CI,5.1367,-5.0242,79.29,89,73,7.11,broken clouds,2022-01-16 22:01:33
207,Ucluelet,CA,48.9329,-125.5528,47.08,88,100,1.99,overcast clouds,2022-01-16 22:01:33
208,Shipunovo,RU,52.1582,82.2173,35.42,82,100,15.3,overcast clouds,2022-01-16 22:01:33
209,Hirara,JP,24.8,125.2833,64.67,100,75,6.91,mist,2022-01-16 22:01:34
210,Hasaki,JP,35.7333,140.8333,28.8,57,98,9.33,overcast clouds,2022-01-16 22:01:34
211,Banda Aceh,ID,5.5577,95.3222,76.91,86,53,8.95,broken clouds,2022-01-16 21:59:44
212,Genhe,CN,50.7833,121.5167,-25.71,100,23,1.61,few clouds,2022-01-16 22:01:34
213,Zlitan,LY,32.4674,14.5687,58.6,59,57,11.05,broken clouds,2022-01-16 22:01:35
214,Tezu,IN,27.9167,96.1667,54.73,52,24,4.14,few clouds,2022-01-16 22:01:35
215,Zamora,EC,-4.0692,-78.9567,73.58,84,98,2.37,light rain,2022-01-16 22:01:35
216,Talnakh,RU,69.4865,88.3972,11.21,87,100,18.39,overcast clouds,2022-01-16 22:01:35
217,Neftcala,AZ,39.3742,49.2472,38.21,80,100,5.66,overcast clouds,2022-01-16 22:01:36
218,Fairbanks,US,64.8378,-147.7164,4.3,85,100,0.0,light snow,2022-01-16 22:01:36
219,Tabas,IR,33.5959,56.9244,52.41,72,12,8.39,few clouds,2022-01-16 22:01:36
220,Padang,ID,-0.9492,100.3543,75.25,86,61,3.8,broken clouds,2022-01-16 22:01:36
221,Karasjok,NO,69.4719,25.5112,23.11,74,100,24.25,overcast clouds,2022-01-16 22:01:37
222,Ribeira Grande,PT,38.5167,-28.7,56.86,60,10,18.75,clear sky,2022-01-16 22:01:37
223,Mayo,US,38.8876,-76.5119,29.95,91,100,18.99,snow,2022-01-16 22:01:37
224,Brigantine,US,39.4101,-74.3646,42.03,81,100,20.8,overcast clouds,2022-01-16 22:01:38
225,Sungaipenuh,ID,-2.0833,101.3833,63.18,96,84,2.59,broken clouds,2022-01-16 22:01:38
226,Tuktoyaktuk,CA,69.4541,-133.0374,-30.55,99,18,6.46,few clouds,2022-01-16 22:01:38
227,Grindavik,IS,63.8424,-22.4338,43.27,100,100,27.63,mist,2022-01-16 22:01:38
228,Izhma,RU,65.0083,53.9113,-8.48,100,99,2.98,overcast clouds,2022-01-16 21:59:52
229,Lalibela,ET,12.0333,39.0333,64.11,42,93,4.79,overcast clouds,2022-01-16 22:01:39
230,Kahului,US,20.8947,-156.47,81.66,77,0,8.99,clear sky,2022-01-16 22:01:39
231,La Ronge,CA,55.1001,-105.2842,11.52,94,100,4.36,overcast clouds,2022-01-16 22:01:39
232,Camana,PE,-16.6228,-72.7111,74.03,79,45,7.07,scattered clouds,2022-01-16 22:02:40
233,Jalu,LY,29.0331,21.5482,51.48,81,44,5.03,scattered clouds,2022-01-16 22:02:40
234,Saint Anthony,US,45.0205,-93.218,26.15,74,100,1.99,overcast clouds,2022-01-16 22:01:43
235,Waipawa,NZ,-41.4122,175.5153,70.93,68,8,9.01,clear sky,2022-01-16 22:02:40
236,Touros,BR,-5.1989,-35.4608,81.07,74,59,12.3,broken clouds,2022-01-16 22:02:40
237,East London,ZA,-33.0153,27.9116,75.07,88,37,3.22,scattered clouds,2022-01-16 22:00:33
238,Mogzon,RU,51.7435,111.9606,-15.11,100,93,1.86,overcast clouds,2022-01-16 22:02:41
239,Nome,US,64.5011,-165.4064,6.87,85,100,0.0,overcast clouds,2022-01-16 22:02:41
240,Cabo San Lucas,MX,22.8909,-109.9124,84.51,72,100,4.0,overcast clouds,2022-01-16 21:59:52
241,Rochegda,RU,62.8,43.25,21.18,95,100,9.57,light snow,2022-01-16 22:02:41
242,Bredasdorp,ZA,-34.5322,20.0403,66.22,79,44,3.2,scattered clouds,2022-01-16 22:02:42
243,Upata,VE,8.0086,-62.3989,76.19,86,39,5.48,scattered clouds,2022-01-16 22:02:42
244,Autun,FR,46.95,4.3,29.23,78,80,1.66,broken clouds,2022-01-16 22:02:42
245,Rio Gallegos,AR,-51.6226,-69.2181,43.32,84,95,13.2,moderate rain,2022-01-16 22:02:43
246,Mariinsk,RU,56.2139,87.7472,32.76,96,100,9.28,overcast clouds,2022-01-16 22:02:43
247,Minas,UY,-34.3759,-55.2377,82.87,52,80,6.8,broken clouds,2022-01-16 21:59:26
248,Gravdal,NO,68.1214,13.5031,29.88,63,100,29.17,overcast clouds,2022-01-16 22:02:43
249,Lander,US,42.833,-108.7307,45.99,34,0,0.0,clear sky,2022-01-16 22:02:43
250,Uray,RU,60.1247,64.7758,12.58,95,100,11.65,light snow,2022-01-16 22:02:44
251,Suez,EG,29.9737,32.5263,51.58,72,92,11.43,overcast clouds,2022-01-16 22:00:33
252,Paita,PE,-5.0892,-81.1144,73.31,79,22,18.75,few clouds,2022-01-16 22:02:44
253,Fortuna,US,40.5982,-124.1573,55.92,83,0,8.05,clear sky,2022-01-16 22:02:44
254,Redlands,US,34.0556,-117.1825,74.25,25,49,1.01,scattered clouds,2022-01-16 22:00:11
255,Yasnyy,RU,51.0333,59.8742,15.62,93,99,19.19,overcast clouds,2022-01-16 22:02:45
256,Teguise,ES,29.0605,-13.564,62.82,68,100,13.8,overcast clouds,2022-01-16 22:02:45
257,Kabinda,CD,-6.1333,24.4833,65.55,98,89,2.66,overcast clouds,2022-01-16 22:02:45
258,Emba,KZ,48.8264,58.1442,22.55,95,99,15.1,light snow,2022-01-16 22:02:46
259,Pisco,PE,-13.7,-76.2167,72.01,89,23,10.18,few clouds,2022-01-16 22:02:46
260,Luis Correia,BR,-2.8792,-41.6669,79.72,79,64,8.39,broken clouds,2022-01-16 22:02:46
261,Puri,IN,19.8,85.85,63.12,70,0,7.74,clear sky,2022-01-16 22:02:46
262,Assiniboia,CA,49.6334,-105.9845,24.64,90,74,7.45,broken clouds,2022-01-16 22:02:47
263,Victoria,HK,22.2855,114.1577,64.45,83,76,4.0,broken clouds,2022-01-16 22:01:12
264,Ostrovnoy,RU,68.0531,39.5131,26.37,89,100,22.01,light snow,2022-01-16 22:02:47
265,Egvekinot,RU,66.3167,-179.1667,-17.16,87,8,10.92,clear sky,2022-01-16 22:02:47
266,Santa Cruz,BO,-17.8,-63.1667,89.65,48,40,26.46,scattered clouds,2022-01-16 21:58:37
267,Pevek,RU,69.7008,170.3133,-25.62,96,42,2.19,scattered clouds,2022-01-16 22:02:48
268,Guamal,CO,9.1433,-74.2238,86.5,58,94,3.65,overcast clouds,2022-01-16 22:00:36
269,Baoro,CF,5.6667,15.9667,69.94,29,98,3.31,overcast clouds,2022-01-16 22:02:48
270,Ishigaki,JP,24.3448,124.1572,69.93,79,97,6.35,overcast clouds,2022-01-16 22:02:48
271,Novyy Svit,UA,47.8059,38.0211,27.57,90,77,6.69,broken clouds,2022-01-16 22:02:49
272,Smidovich,RU,48.6,133.8167,4.19,97,100,2.64,light snow,2022-01-16 22:02:49
273,Swindon,GB,51.558,-1.7812,43.9,92,69,1.01,broken clouds,2022-01-16 22:02:49
274,Antofagasta,CL,-23.65,-70.4,72.21,49,5,7.11,clear sky,2022-01-16 21:59:44
275,Kualakapuas,ID,-3.0091,114.3876,75.36,95,98,1.63,overcast clouds,2022-01-16 22:02:49
276,Pitimbu,BR,-7.4706,-34.8086,80.17,73,84,11.32,broken clouds,2022-01-16 22:03:50
277,Lompoc,US,34.6391,-120.4579,71.69,60,52,3.0,broken clouds,2022-01-16 22:03:50
278,Auki,SB,-8.7676,160.7034,82.87,78,98,6.49,overcast clouds,2022-01-16 22:03:50
279,Kavaratti,IN,10.5669,72.642,79.09,70,39,5.1,scattered clouds,2022-01-16 22:03:51
280,Sitka,US,57.0531,-135.33,36.41,99,100,0.72,light rain,2022-01-16 22:03:51
281,Lesnoy,RU,57.6198,63.0784,6.26,92,100,11.45,overcast clouds,2022-01-16 22:03:51
282,Savannah Bight,HN,16.45,-85.85,78.01,74,19,20.76,few clouds,2022-01-16 22:03:51
283,Isangel,VU,-19.55,169.2667,81.03,63,3,9.17,clear sky,2022-01-16 22:03:52
284,Kangaatsiaq,GL,68.3065,-53.4641,8.53,84,100,2.98,overcast clouds,2022-01-16 22:03:52
285,Chokurdakh,RU,70.6333,147.9167,-40.9,99,88,6.64,overcast clouds,2022-01-16 22:03:52
286,Faanui,PF,-16.4833,-151.75,80.58,80,100,16.15,light rain,2022-01-16 22:03:52
287,Rawson,AR,-43.3002,-65.1023,67.55,18,7,14.03,clear sky,2022-01-16 22:03:53
288,Warrnambool,AU,-38.3833,142.4833,66.81,79,100,9.4,overcast clouds,2022-01-16 22:03:53
289,Batticaloa,LK,7.7102,81.6924,77.18,82,35,6.4,scattered clouds,2022-01-16 22:03:53
290,Acapulco,MX,16.8634,-99.8901,80.67,70,18,7.74,few clouds,2022-01-16 22:00:23
291,Nemuro,JP,43.3236,145.575,31.87,98,100,16.73,light snow,2022-01-16 22:03:54
292,Labuhan,ID,-6.8844,112.2051,78.71,83,100,9.33,moderate rain,2022-01-16 22:03:54
293,Nalut,LY,30.3333,10.85,47.57,60,95,9.69,overcast clouds,2022-01-16 22:03:54
294,Maragogi,BR,-9.0122,-35.2225,79.21,75,68,8.9,broken clouds,2022-01-16 22:03:55
295,Kalemie,CD,-5.9475,29.1947,67.66,88,100,2.91,overcast clouds,2022-01-16 22:03:55
296,Ambilobe,MG,-13.2,49.05,76.77,92,98,2.28,overcast clouds,2022-01-16 22:03:55
297,Nabire,ID,-3.3667,135.4833,76.14,92,100,2.24,overcast clouds,2022-01-16 22:03:55
298,Tilichiki,RU,60.4667,166.1,-21.75,90,7,10.51,clear sky,2022-01-16 22:03:56
299,Dalianwan,CN,39.0286,121.695,17.64,86,0,2.24,clear sky,2022-01-16 22:03:56
300,Tongzi,CN,28.7829,105.0877,47.95,77,100,2.15,overcast clouds,2022-01-16 22:03:56
301,Sao Joao Da Barra,BR,-21.6403,-41.0511,76.01,84,73,11.54,broken clouds,2022-01-16 22:03:56
302,Teplodar,UA,46.5059,30.3252,26.24,71,15,6.71,few clouds,2022-01-16 22:03:57
303,Vegreville,CA,53.5001,-112.0518,24.53,91,100,5.08,overcast clouds,2022-01-16 22:00:16
304,Hambantota,LK,6.1241,81.1185,75.54,100,20,8.05,few clouds,2022-01-16 22:03:57
305,Green Valley,US,31.8543,-110.9937,76.32,16,50,1.01,scattered clouds,2022-01-16 22:03:57
306,Tsiroanomandidy,MG,-18.7667,46.0333,67.19,96,100,1.83,moderate rain,2022-01-16 22:03:58
307,Chapulco,MX,18.6083,-97.4167,59.4,59,42,6.76,scattered clouds,2022-01-16 22:03:58
308,Ayan,RU,56.45,138.1667,-7.64,79,41,10.07,scattered clouds,2022-01-16 22:03:58
309,Asyut,EG,27.181,31.1837,50.18,51,100,11.23,overcast clouds,2022-01-16 22:03:58
310,Ardakan,IR,32.31,54.0175,46.29,40,0,3.44,clear sky,2022-01-16 22:03:59
311,Bathsheba,BB,13.2167,-59.5167,77.81,69,16,16.75,few clouds,2022-01-16 22:03:59
312,Palmer,US,42.1584,-72.3287,26.55,44,75,0.0,broken clouds,2022-01-16 22:02:41
313,Vanino,RU,49.0869,140.2543,9.72,93,100,4.34,overcast clouds,2022-01-16 22:03:59
314,Taitung,TW,22.7583,121.1444,69.44,83,98,7.72,overcast clouds,2022-01-16 22:04:00
315,Birao,CF,10.2849,22.7882,73.56,24,87,4.85,overcast clouds,2022-01-16 22:04:00
316,General Roca,AR,-39.0333,-67.5833,77.97,17,42,19.37,scattered clouds,2022-01-16 22:04:00
317,Petropavlovsk-Kamchatskiy,RU,53.0452,158.6483,19.99,45,75,17.9,light snow,2022-01-16 22:04:00
318,Kavieng,PG,-2.5744,150.7967,81.73,77,97,2.84,light rain,2022-01-16 22:04:01
319,Longyearbyen,SJ,78.2186,15.6401,8.44,72,75,9.22,broken clouds,2022-01-16 22:01:30
320,Tura,IN,25.5198,90.2201,54.5,64,0,3.76,clear sky,2022-01-16 22:04:01
321,Sorland,NO,67.667,12.6934,30.27,75,100,23.85,overcast clouds,2022-01-16 22:04:01
322,Comodoro Rivadavia,AR,-45.8667,-67.5,62.46,19,20,17.27,few clouds,2022-01-16 22:04:01
323,Severo-Kurilsk,RU,50.6789,156.125,22.77,65,21,5.14,few clouds,2022-01-16 22:05:02
324,Zorritos,PE,-3.6805,-80.6782,80.89,71,35,12.06,scattered clouds,2022-01-16 22:05:02
325,Kaseda,JP,31.4167,130.3167,37.85,65,75,20.18,broken clouds,2022-01-16 22:05:02
326,Necochea,AR,-38.5473,-58.7368,67.03,76,91,21.45,overcast clouds,2022-01-16 22:05:03
327,Nerchinskiy Zavod,RU,51.3088,119.61,-31.32,100,49,2.44,scattered clouds,2022-01-16 22:05:03
328,Puerto Colombia,CO,10.9878,-74.9547,82.49,81,6,19.24,clear sky,2022-01-16 22:05:03
329,Lishu,CN,43.3047,124.3278,8.55,69,100,5.5,overcast clouds,2022-01-16 22:05:03
330,Chihuahua,MX,28.5,-106.0,59.83,9,18,3.74,few clouds,2022-01-16 22:05:04
331,Svetlyy,RU,54.675,20.1347,37.45,91,100,25.95,overcast clouds,2022-01-16 22:05:04
332,Alexandria,EG,31.2156,29.9553,54.57,59,96,16.62,overcast clouds,2022-01-16 22:00:12
333,High Level,CA,58.5169,-117.136,4.3,95,100,6.11,overcast clouds,2022-01-16 22:05:04
334,Newport,GB,51.5877,-2.9984,44.55,84,13,5.79,few clouds,2022-01-16 22:05:05
335,Port Lincoln,AU,-34.7333,135.8667,65.62,74,100,11.25,overcast clouds,2022-01-16 22:00:57
336,Beloha,MG,-25.1667,45.05,72.27,89,30,9.89,scattered clouds,2022-01-16 22:05:05
337,Palu,ID,-0.8917,119.8707,73.45,93,100,2.64,light rain,2022-01-16 22:05:05
338,Raudeberg,NO,61.9875,5.1352,34.47,70,100,5.99,overcast clouds,2022-01-16 22:05:05
339,Boende,CD,-0.2167,20.8667,70.59,96,100,0.36,overcast clouds,2022-01-16 22:05:06
340,Nanakuli,US,21.3906,-158.1547,80.55,61,40,6.91,scattered clouds,2022-01-16 22:05:06
341,Kindu,CD,-2.95,25.95,65.64,99,100,1.59,overcast clouds,2022-01-16 22:05:06
342,Coari,BR,-4.085,-63.1414,78.58,87,96,2.21,overcast clouds,2022-01-16 22:05:07
343,Acarau,BR,-2.8856,-40.12,80.58,76,22,12.24,few clouds,2022-01-16 22:05:07
344,Caucaia,BR,-3.7361,-38.6531,81.07,87,40,2.3,scattered clouds,2022-01-16 22:05:07
345,Kendari,ID,-3.945,122.4989,75.09,90,100,0.78,overcast clouds,2022-01-16 22:05:07
346,Gisborne,NZ,-38.6533,178.0042,67.95,81,100,19.75,overcast clouds,2022-01-16 22:05:08
347,Douglas,US,41.3,-96.167,46.27,73,100,1.01,overcast clouds,2022-01-16 22:05:08
348,Laakirchen,AT,47.9819,13.8217,37.58,77,94,11.77,overcast clouds,2022-01-16 22:05:08
349,Danilov,RU,58.1908,40.1717,18.9,91,100,11.14,overcast clouds,2022-01-16 22:05:09
350,Cayenne,GF,4.9333,-52.3333,80.64,84,20,7.0,few clouds,2022-01-16 22:05:09
351,Sabha,LY,27.0377,14.4283,46.24,66,4,9.15,clear sky,2022-01-16 22:05:09
352,Hamilton,US,39.1834,-84.5333,33.53,77,100,1.99,light snow,2022-01-16 22:00:57
353,Bandarbeyla,SO,9.4942,50.8122,75.36,68,82,13.42,broken clouds,2022-01-16 22:05:09
354,Lavrentiya,RU,65.5833,-171.0,-14.87,94,82,9.17,broken clouds,2022-01-16 22:05:10
355,La Rioja,ES,42.25,-2.5,34.05,69,100,4.99,overcast clouds,2022-01-16 22:01:33
356,Fernley,US,39.608,-119.2518,53.02,34,23,2.44,few clouds,2022-01-16 22:05:10
357,Solnechnyy,RU,50.7214,136.6319,3.61,93,100,6.8,overcast clouds,2022-01-16 22:05:10
358,Arlit,NE,18.7369,7.3853,57.76,17,65,15.61,broken clouds,2022-01-16 22:05:11
359,Rutana,BI,-3.8667,30.1,55.18,89,100,2.24,overcast clouds,2022-01-16 22:05:11
360,Galle,LK,6.0367,80.217,74.39,88,35,6.64,scattered clouds,2022-01-16 22:05:11
361,Gazli,UZ,40.1333,63.45,39.4,77,20,8.46,few clouds,2022-01-16 22:05:11
362,Steinbach,DE,50.1667,8.5667,38.66,80,75,11.5,broken clouds,2022-01-16 22:05:12
363,Beira,MZ,-19.8436,34.8389,80.91,75,93,11.54,light rain,2022-01-16 22:05:12
364,Cape Coast,GH,5.1053,-1.2466,80.11,85,84,8.7,broken clouds,2022-01-16 22:05:12
365,Russell,US,32.3502,-85.1999,38.12,92,100,5.75,overcast clouds,2022-01-16 22:05:13
366,Bengkulu,ID,-3.8004,102.2655,74.79,90,61,4.29,broken clouds,2022-01-16 22:05:13
367,Olafsvik,IS,64.8945,-23.7142,42.64,97,100,19.01,moderate rain,2022-01-16 22:05:13
368,Mecca,SA,21.4267,39.8261,62.74,58,1,6.44,clear sky,2022-01-16 22:04:54
369,Santa Rosa,PH,14.3122,121.1114,73.11,78,99,11.74,overcast clouds,2022-01-16 22:02:34
370,La Cruz,MX,23.9167,-106.9,76.69,66,87,5.06,overcast clouds,2022-01-16 22:06:14
371,Verkhnevilyuysk,RU,63.4453,120.3167,-47.15,100,61,1.5,broken clouds,2022-01-16 22:06:14
372,Varzelandia,BR,-15.7014,-44.0275,70.02,78,57,1.66,broken clouds,2022-01-16 22:06:14
373,Jiuquan,CN,39.7432,98.5174,22.68,45,95,3.18,overcast clouds,2022-01-16 22:06:14
374,Cape Canaveral,US,28.4058,-80.6048,66.18,62,0,17.27,clear sky,2022-01-16 22:05:21
375,Port Hardy,CA,50.6996,-127.4199,46.76,95,100,18.66,moderate rain,2022-01-16 22:06:15
376,Atbasar,KZ,51.8,68.3333,8.6,88,93,20.29,overcast clouds,2022-01-16 22:06:15
377,Vao,NC,-22.6667,167.4833,76.06,75,25,17.18,scattered clouds,2022-01-16 22:06:15
378,Wasserburg,DE,48.4411,10.2693,36.28,84,99,10.67,overcast clouds,2022-01-16 22:06:15
379,Oregon,US,44.0001,-120.5014,46.58,83,36,3.89,scattered clouds,2022-01-16 22:06:16
380,Wharton,US,29.3116,-96.1027,60.84,29,0,9.22,clear sky,2022-01-16 22:06:16
381,Emerald,AU,-23.5333,148.1667,81.34,71,23,9.53,few clouds,2022-01-16 22:06:16
382,Mount Isa,AU,-20.7333,139.5,87.57,45,100,14.97,overcast clouds,2022-01-16 22:06:17
383,Abuyog,PH,10.6667,125.05,74.52,92,89,9.75,overcast clouds,2022-01-16 22:06:17
384,Alberton,CA,46.8168,-64.0654,14.07,76,0,14.09,clear sky,2022-01-16 22:06:17
385,Igrim,RU,63.1906,64.4162,-10.86,100,100,5.19,overcast clouds,2022-01-16 22:06:17
386,East Stroudsburg,US,40.9995,-75.1813,27.05,73,100,5.73,overcast clouds,2022-01-16 22:06:18
387,Beringovskiy,RU,63.05,179.3167,-14.66,88,23,18.16,few clouds,2022-01-16 22:06:18
388,Kalabo,ZM,-14.97,22.6814,71.73,48,61,4.94,broken clouds,2022-01-16 22:06:18
389,Alta Floresta,BR,-9.8756,-56.0861,74.64,90,64,1.59,broken clouds,2022-01-16 22:06:19
390,Ocara,BR,-4.4908,-38.5967,79.99,84,58,5.32,broken clouds,2022-01-16 22:02:18
391,The Valley,AI,18.217,-63.0578,78.94,73,20,12.66,few clouds,2022-01-16 22:05:40
392,Diffa,NE,13.3154,12.6113,65.68,20,98,12.06,overcast clouds,2022-01-16 22:06:19
393,Coihaique,CL,-45.5752,-72.0662,55.35,44,20,6.91,few clouds,2022-01-16 22:06:09
394,Uspenka,UA,48.3903,39.1619,20.53,95,54,5.7,broken clouds,2022-01-16 22:06:19
395,Peto,MX,20.1333,-88.9167,77.05,40,80,6.02,broken clouds,2022-01-16 22:06:19
396,Izumo,JP,35.3667,132.7667,42.69,56,75,12.66,broken clouds,2022-01-16 22:06:20
397,Alofi,NU,-19.0595,-169.9187,80.15,68,44,11.43,scattered clouds,2022-01-16 22:06:20
398,Laguna,US,38.421,-121.4238,67.14,67,0,1.99,clear sky,2022-01-16 22:06:20
399,Abbeville,FR,50.1,1.8333,44.49,94,14,4.25,few clouds,2022-01-16 22:06:21
400,Elmadag,TR,39.9208,33.2308,23.29,70,0,3.56,clear sky,2022-01-16 22:06:21
401,Teknaf,BD,20.8624,92.3058,61.59,70,0,10.2,clear sky,2022-01-16 22:06:21
402,Birobidzhan,RU,48.8,132.95,4.33,98,100,2.33,light snow,2022-01-16 22:06:21
403,Montepuez,MZ,-13.1256,38.9997,69.28,98,98,2.95,moderate rain,2022-01-16 22:06:22
404,Guerrero Negro,MX,27.9769,-114.0611,70.75,34,93,14.65,overcast clouds,2022-01-16 22:06:22
405,Jambi,ID,-1.6,103.6167,72.97,99,95,2.64,overcast clouds,2022-01-16 22:06:22
406,Thinadhoo,MV,0.5333,72.9333,81.19,69,100,1.5,overcast clouds,2022-01-16 22:06:23
407,Mandan,US,46.8267,-100.8896,39.04,85,100,14.97,overcast clouds,2022-01-16 22:06:23
408,Muyezerskiy,RU,63.9333,31.65,28.74,86,100,17.09,light snow,2022-01-16 22:06:23
409,Concordia,AR,-31.393,-58.0209,88.79,55,54,8.01,broken clouds,2022-01-16 22:06:23
410,La Reforma,MX,25.0833,-108.05,85.75,49,99,8.43,overcast clouds,2022-01-16 22:06:24
411,Kaeo,NZ,-35.1,173.7833,79.32,61,0,3.89,clear sky,2022-01-16 22:06:24
412,Arman,RU,59.7,150.1667,-7.19,80,2,9.53,clear sky,2022-01-16 22:06:24
413,Yaan,NG,7.3833,8.5667,86.13,16,100,0.56,overcast clouds,2022-01-16 22:06:24
414,Whitehorse,CA,60.7161,-135.0538,27.37,87,100,8.01,light snow,2022-01-16 22:03:04
415,Mugur-Aksy,RU,50.35,90.5,11.07,75,100,7.56,overcast clouds,2022-01-16 22:07:25
416,Mucuri,BR,-18.0864,-39.5508,78.01,82,21,9.46,few clouds,2022-01-16 22:07:25
417,Bam,IR,29.106,58.357,57.11,70,20,9.04,few clouds,2022-01-16 22:07:25
418,Juanacatlan,MX,20.5167,-103.1667,78.22,17,75,9.22,broken clouds,2022-01-16 22:07:26
419,Wadi Musa,JO,30.3222,35.4793,36.34,94,100,7.87,overcast clouds,2022-01-16 22:07:26
420,Dingle,PH,10.9995,122.6711,71.04,93,99,9.15,overcast clouds,2022-01-16 22:07:26
421,Madimba,TZ,-10.4,40.3333,80.19,81,100,5.46,overcast clouds,2022-01-16 22:07:27
422,Luderitz,NA,-26.6481,15.1594,68.45,83,0,12.03,clear sky,2022-01-16 22:07:27
423,San Francisco,US,37.7749,-122.4194,67.64,56,75,3.0,broken clouds,2022-01-16 22:03:19
424,Srednekolymsk,RU,67.45,153.6833,-40.34,98,44,6.91,scattered clouds,2022-01-16 22:07:27
425,Kloulklubed,PW,7.0419,134.2556,81.86,78,98,14.67,overcast clouds,2022-01-16 22:07:27
426,Kurumkan,RU,54.3,110.3,-11.4,93,96,3.67,overcast clouds,2022-01-16 22:07:28
427,Tautira,PF,-17.7333,-149.15,84.22,78,100,15.9,light rain,2022-01-16 22:07:28
428,Edgewater,US,28.9889,-80.9023,65.01,55,75,19.89,broken clouds,2022-01-16 22:07:28
429,Henties Bay,NA,-22.116,14.2845,68.86,86,95,8.16,overcast clouds,2022-01-16 22:07:29
430,Road Town,VG,18.4167,-64.6167,80.69,83,40,9.22,scattered clouds,2022-01-16 22:07:29
431,Nanortalik,GL,60.1432,-45.2371,26.58,74,100,21.16,overcast clouds,2022-01-16 22:07:29
432,Diego De Almagro,CL,-26.3667,-70.05,74.71,41,0,12.21,clear sky,2022-01-16 22:07:29
433,Nacogdoches,US,31.6002,-94.6335,55.58,45,0,8.05,clear sky,2022-01-16 22:07:19
434,Xuddur,SO,4.1213,43.8894,75.2,60,100,14.09,overcast clouds,2022-01-16 22:07:30
435,Rorvik,NO,64.8621,11.2373,34.93,61,100,32.48,light snow,2022-01-16 22:07:30
436,Juneau,US,58.3019,-134.4197,38.84,97,100,0.0,snow,2022-01-16 22:07:30
437,Obera,AR,-27.4871,-55.1199,97.32,25,83,5.21,broken clouds,2022-01-16 22:07:31
438,Amapa,BR,1.0,-52.0,72.59,97,100,3.96,overcast clouds,2022-01-16 22:07:31
439,Broken Hill,AU,-31.95,141.4333,75.83,43,100,14.97,overcast clouds,2022-01-16 22:07:31
440,Pokrovsk,UA,48.282,37.1758,23.58,94,35,6.53,scattered clouds,2022-01-16 22:07:32
441,Komsomolskiy,UZ,40.4272,71.7189,42.22,42,95,4.29,overcast clouds,2022-01-16 22:07:32
442,Geraldton,AU,-28.7667,114.6,64.81,88,15,12.66,few clouds,2022-01-16 22:07:32
443,Huarmey,PE,-10.0681,-78.1522,75.27,74,55,10.45,broken clouds,2022-01-16 22:07:32
444,Tazovskiy,RU,67.4667,78.7,6.03,94,99,12.57,overcast clouds,2022-01-16 22:07:33
445,Balkanabat,TM,39.5108,54.3671,41.4,57,100,5.61,overcast clouds,2022-01-16 22:07:33
446,Storslett,NO,69.7678,21.0247,15.33,87,100,6.6,overcast clouds,2022-01-16 22:07:33
447,Ylojarvi,FI,61.5563,23.5961,28.94,92,0,8.05,clear sky,2022-01-16 22:07:33
448,Thongwa,MM,16.7619,96.5278,73.56,83,64,4.7,broken clouds,2022-01-16 22:07:34
449,Melito Di Porto Salvo,IT,37.9222,15.7714,56.79,76,0,10.36,clear sky,2022-01-16 22:07:34
450,Nioro,GM,13.35,-15.75,79.38,51,100,5.82,overcast clouds,2022-01-16 22:07:34
451,Coatzintla,MX,20.4833,-97.45,73.98,27,0,0.0,clear sky,2022-01-16 22:07:35
452,Butterworth,MY,5.3991,100.3638,80.01,82,40,6.91,scattered clouds,2022-01-16 22:07:35
453,Margate,GB,51.3813,1.3862,44.31,91,81,1.99,broken clouds,2022-01-16 22:07:35
454,Meadow Lake,US,34.8014,-106.5436,59.77,22,57,7.54,broken clouds,2022-01-16 22:07:35
455,Mersing,MY,2.4312,103.8405,77.09,87,86,9.37,overcast clouds,2022-01-16 22:07:36
456,Hwange,ZW,-18.3693,26.5019,73.31,69,100,1.79,overcast clouds,2022-01-16 22:07:36
457,Aykhal,RU,66.0,111.5,-20.67,98,85,11.68,overcast clouds,2022-01-16 22:07:36
458,Crowley,US,30.2141,-92.3746,53.91,64,5,12.66,clear sky,2022-01-16 22:07:36
459,Dubai,AE,25.2582,55.3047,67.93,83,0,8.05,clear sky,2022-01-16 22:07:37
460,Kieta,PG,-6.2167,155.6333,82.78,74,100,1.97,overcast clouds,2022-01-16 22:07:37
461,Luena,AO,-11.7833,19.9167,61.3,88,82,3.71,broken clouds,2022-01-16 22:07:37
462,Carmen,MX,18.6333,-91.8333,73.44,56,100,13.8,overcast clouds,2022-01-16 22:07:37
463,Caxito,AO,-8.5785,13.6643,70.66,91,33,0.94,scattered clouds,2022-01-16 22:07:38
464,Vengerovo,RU,55.6848,76.7471,30.34,74,100,25.97,overcast clouds,2022-01-16 22:08:38
465,Abay,KZ,49.6311,72.8539,25.18,85,97,14.54,overcast clouds,2022-01-16 22:08:38
466,Khandbari,NP,27.3747,87.2039,48.72,52,5,4.27,clear sky,2022-01-16 22:08:39
467,Caravelas,BR,-17.7125,-39.2481,76.91,83,1,6.91,clear sky,2022-01-16 22:08:39
468,Tomball,US,30.0972,-95.6161,58.5,47,0,1.01,clear sky,2022-01-16 22:08:36
469,Moses Lake,US,47.1301,-119.2781,34.18,86,100,5.75,overcast clouds,2022-01-16 22:04:26
470,Port Hedland,AU,-20.3167,118.5667,82.45,74,100,12.66,overcast clouds,2022-01-16 22:08:39
471,Havoysund,NO,70.9963,24.6622,25.68,69,100,21.07,light snow,2022-01-16 22:08:40
472,Tabou,CI,4.423,-7.3528,79.45,85,4,6.89,clear sky,2022-01-16 22:08:40
473,Manakara,MG,-22.1333,48.0167,72.64,96,68,8.3,light rain,2022-01-16 22:08:40
474,Filadelfia,US,39.9523,-75.1638,29.05,70,100,5.99,light snow,2022-01-16 22:05:22
475,Vestmannaeyjar,IS,63.4427,-20.2734,45.36,89,100,19.75,overcast clouds,2022-01-16 22:08:40
476,Paramonga,PE,-10.6667,-77.8333,74.3,75,39,9.46,scattered clouds,2022-01-16 22:08:41
477,Dharchula,IN,29.85,80.5333,47.14,37,62,8.21,broken clouds,2022-01-16 22:08:41
478,Barra Do Garcas,BR,-15.89,-52.2567,78.49,77,78,3.24,broken clouds,2022-01-16 22:08:41
479,Yining,CN,29.0361,114.5636,44.46,96,100,1.34,light rain,2022-01-16 22:08:42
480,North Bend,US,43.4065,-124.2243,58.86,76,0,8.05,clear sky,2022-01-16 22:08:42
481,Pangkalanbuun,ID,-2.6833,111.6167,73.33,98,100,1.63,overcast clouds,2022-01-16 22:08:42
482,Garelochhead,GB,56.082,-4.8291,46.09,91,53,6.69,broken clouds,2022-01-16 22:08:43
483,Pontianak,ID,-0.0333,109.3333,75.18,100,75,2.3,heavy intensity rain,2022-01-16 22:08:43
484,Brzeg,PL,50.8608,17.4674,37.69,88,100,17.27,overcast clouds,2022-01-16 22:08:43
485,Evensk,RU,61.95,159.2333,3.45,63,0,11.68,clear sky,2022-01-16 22:08:43
486,Santo Angelo,BR,-28.2992,-54.2631,98.44,26,59,9.13,broken clouds,2022-01-16 22:08:44
487,Yuxia,CN,34.0615,108.6291,41.16,52,0,2.46,clear sky,2022-01-16 22:08:44
488,Hazorasp,UZ,41.3194,61.0742,28.24,71,86,9.42,overcast clouds,2022-01-16 22:08:44
489,Tuy Hoa,VN,13.0833,109.3,70.34,92,71,3.83,broken clouds,2022-01-16 22:03:55
490,Bilibino,RU,68.0546,166.4372,-19.34,85,12,3.38,few clouds,2022-01-16 22:08:45
491,Janakkala,FI,60.9,24.6,31.66,87,77,8.68,broken clouds,2022-01-16 22:08:45
492,Trebnje,SI,45.9042,15.0217,33.04,92,31,0.83,scattered clouds,2022-01-16 22:08:45
493,Cockburn Town,TC,21.4612,-71.1419,77.94,75,4,16.96,clear sky,2022-01-16 22:08:03
494,Boa Vista,BR,2.8197,-60.6733,89.58,51,20,8.05,few clouds,2022-01-16 22:08:45
495,Rostock,DE,54.0887,12.1405,43.09,82,99,24.11,overcast clouds,2022-01-16 22:08:46
496,Mahibadhoo,MV,3.7833,72.9667,81.52,78,99,13.31,overcast clouds,2022-01-16 22:08:46
497,Tokur,RU,53.1333,132.9,-8.57,98,100,3.78,overcast clouds,2022-01-16 22:08:46
498,Roald,NO,62.5833,6.1333,35.74,55,75,24.16,broken clouds,2022-01-16 22:08:47
499,Deputatskiy,RU,69.3,139.9,-35.34,98,22,4.41,few clouds,2022-01-16 22:08:47
500,Shiraz,IR,29.6036,52.5388,40.46,74,1,4.07,clear sky,2022-01-16 22:08:47
501,Inuvik,CA,68.3499,-133.7218,-38.33,100,37,2.53,scattered clouds,2022-01-16 22:08:47
502,Khandyga,RU,62.6667,135.6,-44.19,100,63,0.94,broken clouds,2022-01-16 22:08:48
503,Jimenez,MX,28.3333,-105.4,65.14,10,37,4.94,scattered clouds,2022-01-16 22:08:48
504,Atambua,ID,-9.1061,124.8925,74.77,86,100,1.07,overcast clouds,2022-01-16 22:08:48
505,Yerbogachen,RU,61.2767,108.0108,-19.43,99,28,4.83,scattered clouds,2022-01-16 22:08:49
506,Penal,TT,10.1667,-61.4667,81.01,87,28,1.99,scattered clouds,2022-01-16 22:08:49
507,Bobcaygeon,CA,44.5462,-78.542,20.88,72,4,8.61,clear sky,2022-01-16 22:08:49
508,Berezovyy,RU,51.6667,135.7,6.67,97,100,3.76,light snow,2022-01-16 22:08:49
509,Yulara,AU,-25.2406,130.9889,71.44,100,75,17.27,broken clouds,2022-01-16 22:08:50
510,Ormara,PK,25.2088,64.6357,70.65,49,96,10.76,overcast clouds,2022-01-16 22:09:50
511,Pangnirtung,CA,66.1451,-65.7125,-14.33,69,0,5.59,clear sky,2022-01-16 22:09:50
512,Yinchuan,CN,38.4681,106.2731,21.67,53,0,2.82,clear sky,2022-01-16 22:09:51
513,Cartagena,CO,10.3997,-75.5144,83.82,74,40,10.36,scattered clouds,2022-01-16 22:09:20
514,Lorengau,PG,-2.0226,147.2712,82.2,79,95,3.29,light rain,2022-01-16 22:09:51
515,Tarakan,ID,3.3,117.6333,76.5,94,75,4.61,broken clouds,2022-01-16 22:09:51
516,Orlik,RU,52.5178,99.825,-0.63,87,88,3.09,overcast clouds,2022-01-16 22:09:51
517,Sukhobuzimskoye,RU,56.5,93.2728,15.69,93,100,2.75,overcast clouds,2022-01-16 22:09:52
518,Walvis Bay,NA,-22.9575,14.5053,69.1,78,85,8.08,light rain,2022-01-16 22:09:52
519,San Andres,CO,12.5847,-81.7006,82.42,69,40,6.91,scattered clouds,2022-01-16 22:06:26
520,Sioux Lookout,CA,50.1001,-91.917,19.8,90,100,7.29,overcast clouds,2022-01-16 22:09:34
521,Roma,US,43.2128,-75.4557,28.83,53,0,9.22,clear sky,2022-01-16 22:09:52
522,Williams Lake,CA,52.1415,-122.1445,35.62,90,100,6.53,overcast clouds,2022-01-16 22:09:44
523,Nishihara,JP,26.1842,127.7558,61.88,88,75,12.66,broken clouds,2022-01-16 22:09:53
524,Ambon,ID,-3.6954,128.1814,77.14,88,40,4.61,scattered clouds,2022-01-16 22:09:53
525,Fasa,IR,28.9383,53.6482,45.07,94,43,3.47,scattered clouds,2022-01-16 22:09:53
526,Elko,US,41.0002,-115.5012,39.22,53,6,1.21,clear sky,2022-01-16 22:09:54
527,Bakchar,RU,57.0186,82.0711,34.75,99,100,12.33,overcast clouds,2022-01-16 22:09:54
528,Xichang,CN,27.8964,102.2634,39.16,96,100,4.47,overcast clouds,2022-01-16 22:09:54
529,Vila,PT,42.0304,-8.1588,44.33,87,53,2.68,broken clouds,2022-01-16 22:09:54
530,Westport,US,41.1415,-73.3579,33.85,78,100,11.99,overcast clouds,2022-01-16 22:09:55
531,Jumla,NP,29.2747,82.1838,35.73,36,73,4.72,broken clouds,2022-01-16 22:09:55
532,Kolvereid,NO,64.8655,11.6047,32.65,61,100,28.77,light snow,2022-01-16 22:09:55
533,Meulaboh,ID,4.1363,96.1285,74.93,90,32,4.0,scattered clouds,2022-01-16 22:07:17
534,Taunggyi,MM,20.7833,97.0333,49.14,94,0,1.25,clear sky,2022-01-16 22:09:56
535,Ca Mau,VN,9.1769,105.15,73.71,85,44,7.36,scattered clouds,2022-01-16 22:09:56
536,Omboue,GA,-1.5746,9.2618,76.35,90,100,5.86,overcast clouds,2022-01-16 22:09:56
537,La Merced,CO,5.4019,-75.8847,61.47,91,85,3.8,overcast clouds,2022-01-16 22:09:56
538,Samarai,PG,-10.6167,150.6667,81.9,76,70,8.68,broken clouds,2022-01-16 22:09:57
539,Dunedin,NZ,-45.8742,170.5036,69.8,68,100,7.0,overcast clouds,2022-01-16 22:09:57
540,Shitanjing,CN,39.2342,106.3439,16.79,69,0,4.79,clear sky,2022-01-16 22:09:57
541,Tara,RU,56.8944,74.371,27.23,83,100,21.45,overcast clouds,2022-01-16 22:09:58
542,Rizomilos,GR,39.4333,22.75,38.17,87,0,1.03,clear sky,2022-01-16 22:09:58
543,Zhangye,CN,38.9342,100.4517,24.1,32,14,1.39,few clouds,2022-01-16 22:09:58
544,Shahrud,IR,36.4182,54.9763,35.69,60,0,1.01,clear sky,2022-01-16 22:09:58
545,Khasan,RU,42.4308,130.6434,12.85,59,60,18.5,broken clouds,2022-01-16 22:09:59
546,Remedios,CU,22.4947,-79.5458,70.72,60,61,16.4,broken clouds,2022-01-16 22:09:59
547,Gushikawa,JP,26.3544,127.8686,61.83,94,40,11.5,scattered clouds,2022-01-16 22:09:59
548,Peterhead,GB,57.5058,-1.7981,47.1,71,96,31.41,overcast clouds,2022-01-16 22:09:59
549,Mastung,PK,29.7994,66.845,44.1,76,100,4.03,overcast clouds,2022-01-16 22:10:00
550,Ambagarh Chauki,IN,20.7833,80.7167,59.29,74,0,4.07,clear sky,2022-01-16 22:10:00
551,Ponta Delgada,PT,37.7333,-25.6667,57.92,62,20,18.41,few clouds,2022-01-16 22:10:00
552,Vestmanna,FO,62.1564,-7.1664,34.72,87,100,11.5,light snow,2022-01-16 22:10:01
553,Xihe,CN,31.6864,113.4659,42.6,64,100,2.71,overcast clouds,2022-01-16 22:10:01
554,Sehithwa,BW,-20.4667,22.7167,74.86,50,91,3.36,overcast clouds,2022-01-16 22:10:01
555,Changji,CN,44.0167,87.3167,7.59,85,12,4.47,mist,2022-01-16 22:10:02
556,Makakilo City,US,21.3469,-158.0858,79.61,62,40,6.91,scattered clouds,2022-01-16 22:10:02
557,Port Victoria,KE,0.0939,33.9756,70.21,78,100,7.0,moderate rain,2022-01-16 22:10:02
558,Bukachacha,RU,52.9833,116.9167,-22.31,98,5,3.29,clear sky,2022-01-16 22:11:03
559,Dinguiraye,GN,11.3,-10.7167,76.6,22,90,3.27,overcast clouds,2022-01-16 22:11:03
560,Neiafu,TO,-18.65,-173.9833,82.22,78,79,7.23,light rain,2022-01-16 22:11:03
561,Berlevag,NO,70.8578,29.0864,26.55,59,75,14.97,light shower snow,2022-01-16 22:11:03
562,Pailon,BO,-17.65,-62.75,89.28,56,15,12.28,few clouds,2022-01-16 22:11:04
563,Lucea,JM,18.451,-78.1736,82.85,64,40,6.06,scattered clouds,2022-01-16 22:11:04
564,Almenara,BR,-16.1836,-40.6944,74.41,77,4,0.96,clear sky,2022-01-16 22:11:04
565,Battle Creek,US,42.3212,-85.1797,32.38,33,0,3.44,clear sky,2022-01-16 22:07:01
566,Ugoofaaru,MV,5.6667,73.0,81.88,76,32,13.51,scattered clouds,2022-01-16 22:11:05
567,Temryuk,RU,45.2722,37.3811,34.02,69,100,8.95,overcast clouds,2022-01-16 22:11:05
568,Tome,CL,-36.6167,-72.95,63.21,63,50,15.41,scattered clouds,2022-01-16 22:11:05
569,Laguna Beach,US,33.5423,-117.7831,79.02,41,75,1.01,broken clouds,2022-01-16 22:11:05
570,Leh,IN,34.1667,77.5833,0.28,70,78,3.8,broken clouds,2022-01-16 22:11:06
571,Barentu,ER,15.1139,37.5928,67.3,63,1,3.15,clear sky,2022-01-16 22:11:06
572,Fremont,US,37.5483,-121.9886,70.12,58,75,3.0,broken clouds,2022-01-16 22:06:54
573,Seddon,AU,-37.8068,144.8916,67.68,76,75,13.8,broken clouds,2022-01-16 22:11:06
574,Valdivia,CL,-39.8142,-73.2459,59.09,44,69,8.21,broken clouds,2022-01-16 22:11:07
575,Sabang,ID,5.8933,95.3214,81.09,76,90,14.65,overcast clouds,2022-01-16 22:11:07
576,Matagami,CA,49.7502,-77.6328,12.56,86,100,11.99,overcast clouds,2022-01-16 22:11:07
577,Pavilosta,LV,56.8879,21.1859,40.95,90,100,25.3,overcast clouds,2022-01-16 22:11:07
578,Lourdes,FR,43.1,-0.05,29.32,80,0,4.61,clear sky,2022-01-16 22:11:08
579,Muros,ES,42.7762,-9.0603,55.24,93,100,5.48,overcast clouds,2022-01-16 22:11:08
580,Cascais,PT,38.6979,-9.4215,55.06,73,74,1.99,broken clouds,2022-01-16 22:11:08
581,Corinto,GR,37.9407,22.9573,45.68,79,4,2.51,clear sky,2022-01-16 22:11:08
582,Benito Juarez,MX,19.385,-99.165,67.82,42,75,3.0,moderate rain,2022-01-16 22:11:09
583,Copiapo,CL,-27.3667,-70.3333,71.29,54,0,9.04,clear sky,2022-01-16 22:11:09
584,Stavern,NO,59.0,10.0333,45.3,67,100,25.21,overcast clouds,2022-01-16 22:11:09
585,Kapoeta,SS,4.7717,33.5903,85.12,36,83,5.48,broken clouds,2022-01-16 22:11:09
586,Bowen,AU,-20.0167,148.2333,84.56,67,76,7.4,broken clouds,2022-01-16 22:11:10
587,Qui Nhon,VN,13.7667,109.2333,70.79,91,77,7.81,broken clouds,2022-01-16 22:11:10
588,Bac Lieu,VN,9.285,105.7244,75.67,82,33,13.87,scattered clouds,2022-01-16 22:11:10
589,Pinsk,BY,52.1229,26.0951,30.85,78,100,13.73,light snow,2022-01-16 22:11:11
590,Magway,MM,20.15,94.9167,64.31,82,0,4.29,clear sky,2022-01-16 22:11:11
591,Corrente,BR,-3.7367,-43.3394,74.5,92,72,2.95,broken clouds,2022-01-16 22:11:11
592,Port Macquarie,AU,-31.4333,152.9167,78.89,94,40,4.61,scattered clouds,2022-01-16 22:11:12
593,Dzilam Gonzalez,MX,21.2833,-88.9333,70.18,54,98,9.78,overcast clouds,2022-01-16 22:11:12
594,Tupancireta,BR,-29.0806,-53.8358,93.06,29,66,6.93,broken clouds,2022-01-16 22:11:12
595,Mendi,PG,-6.1761,143.6513,57.29,97,100,1.03,overcast clouds,2022-01-16 22:11:12
596,San Marco In Lamis,IT,41.7131,15.6399,40.41,74,4,2.73,clear sky,2022-01-16 22:11:13
597,Goundam,ML,16.4145,-3.6708,64.69,16,62,9.82,broken clouds,2022-01-16 22:11:13
598,Casian,PH,11.035,119.7136,79.18,71,100,25.1,overcast clouds,2022-01-16 22:11:13
599,Moussoro,TD,13.6408,16.4901,66.54,23,5,11.27,clear sky,2022-01-16 22:11:14
600,Norsup,VU,-16.0667,167.3833,83.28,75,28,7.05,scattered clouds,2022-01-16 22:11:14
601,Tres Arroyos,AR,-38.3739,-60.2798,69.21,62,88,19.44,overcast clouds,2022-01-16 22:11:14
602,Jiaonan,CN,35.8786,119.9753,32.65,68,4,6.33,clear sky,2022-01-16 22:11:14
603,Saryg-Sep,RU,51.5,95.6,-6.61,97,100,2.01,overcast clouds,2022-01-16 22:12:15
604,Alcudia,ES,39.8532,3.1214,44.38,69,0,7.85,clear sky,2022-01-16 22:12:15
605,Usevya,TZ,-7.1,31.2333,65.91,97,100,2.77,overcast clouds,2022-01-16 22:12:15
606,Burnie,AU,-41.0667,145.9167,65.41,69,26,6.67,scattered clouds,2022-01-16 22:12:16
607,Araguari,BR,-18.6472,-48.1872,67.82,87,91,7.11,moderate rain,2022-01-16 22:12:16
608,Arganil,PT,40.2183,-8.054,50.92,84,43,2.93,scattered clouds,2022-01-16 22:12:16
609,Tessalit,ML,20.1986,1.0114,60.15,20,47,10.98,scattered clouds,2022-01-16 22:08:12
610,Lagoa,PT,39.05,-27.9833,55.47,61,60,15.55,broken clouds,2022-01-16 22:12:16
611,Santa Comba,ES,43.0331,-8.8093,49.78,94,86,2.57,overcast clouds,2022-01-16 22:12:17
612,New Glasgow,CA,45.5834,-62.6486,11.79,93,5,5.03,clear sky,2022-01-16 22:12:17
613,Rebrisoara,RO,47.2833,24.45,24.35,87,100,2.73,overcast clouds,2022-01-16 22:12:17
614,Punta De Bombon,PE,-17.1717,-71.7931,73.29,77,23,5.88,few clouds,2022-01-16 22:12:18
615,Rabo De Peixe,PT,37.8,-25.5833,56.71,89,20,18.41,few clouds,2022-01-16 22:12:18
616,Puerto Escondido,MX,15.85,-97.0667,83.23,61,20,4.61,few clouds,2022-01-16 22:12:18
617,Bousso,TD,10.4795,16.7117,71.22,21,34,7.54,scattered clouds,2022-01-16 22:12:18
618,Leningradskiy,RU,69.3833,178.4167,-26.55,96,25,4.68,scattered clouds,2022-01-16 22:12:19
619,Mahon,ES,39.8885,4.2658,45.16,81,0,3.44,clear sky,2022-01-16 22:12:19
620,Manta,EC,-0.95,-80.7333,78.69,71,86,15.3,overcast clouds,2022-01-16 22:12:19
621,Harer,ET,9.3094,42.1258,61.45,73,26,4.47,scattered clouds,2022-01-16 22:12:19
622,Yatou,CN,37.15,122.3833,25.84,64,10,5.28,clear sky,2022-01-16 22:12:20
623,Port Blair,IN,11.6667,92.75,77.99,71,59,9.71,broken clouds,2022-01-16 22:12:20
624,Ukiah,US,39.1502,-123.2078,64.98,54,0,5.75,clear sky,2022-01-16 22:12:20
625,Semirom,IR,31.4167,51.5667,15.1,89,6,5.84,clear sky,2022-01-16 22:12:20
626,Okha,RU,53.5739,142.9478,7.9,95,100,11.59,overcast clouds,2022-01-16 22:12:21
627,Ulladulla,AU,-35.35,150.4667,79.77,67,31,6.85,scattered clouds,2022-01-16 22:12:21
628,Zhirnovsk,RU,50.9845,44.7735,4.69,100,83,3.91,broken clouds,2022-01-16 22:12:21
629,Buchanan,LR,5.8808,-10.0467,78.76,83,96,4.38,overcast clouds,2022-01-16 22:12:22
630,Arauco,CL,-37.2463,-73.3175,64.42,52,25,13.24,scattered clouds,2022-01-16 22:12:22
631,Berdigestyakh,RU,62.0989,126.6992,-42.23,100,85,1.59,overcast clouds,2022-01-16 22:12:22
632,Labytnangi,RU,66.6572,66.4183,-15.52,100,82,1.01,broken clouds,2022-01-16 22:12:22
633,Zhigalovo,RU,54.8097,105.1578,2.8,95,100,1.86,overcast clouds,2022-01-16 22:12:23
634,Khani,GE,41.9563,42.9566,24.37,97,100,2.33,snow,2022-01-16 22:12:23
635,Grand Gaube,MU,-20.0064,57.6608,78.39,84,11,5.32,few clouds,2022-01-16 22:12:23
636,Surgut,RU,61.25,73.4167,21.38,85,75,13.0,broken clouds,2022-01-16 22:12:24
637,Biak,ID,-0.9131,122.8766,76.01,85,98,4.23,overcast clouds,2022-01-16 22:12:24
638,Huaicheng,CN,23.9051,112.1931,54.68,78,100,2.93,overcast clouds,2022-01-16 22:12:24
639,Dauphin,CA,51.1494,-100.0502,15.13,95,85,1.97,overcast clouds,2022-01-16 22:12:24
640,Cacequi,BR,-29.8836,-54.825,101.8,22,56,11.34,broken clouds,2022-01-16 22:12:25
641,Hit,IQ,33.6416,42.8251,46.9,61,85,6.17,overcast clouds,2022-01-16 22:12:25
642,Pasco,US,28.292,-82.4165,64.78,67,68,8.01,broken clouds,2022-01-16 22:12:06
643,El Dorado,US,38.7666,-120.5177,62.6,42,27,4.54,scattered clouds,2022-01-16 22:12:25
644,Sept-Iles,CA,50.2001,-66.3821,11.05,60,70,14.0,broken clouds,2022-01-16 22:12:25
645,Port Hawkesbury,CA,45.6169,-61.3485,16.59,92,92,11.01,overcast clouds,2022-01-16 22:12:26
646,Tamiahua,MX,21.2667,-97.45,65.26,42,8,8.37,clear sky,2022-01-16 22:12:26
647,Saint-Georges,GD,12.0564,-61.7485,78.51,72,25,15.35,scattered clouds,2022-01-16 22:12:26
648,Taganak,PH,6.0833,118.3,77.38,86,100,8.88,overcast clouds,2022-01-16 22:12:27
649,Tanete,ID,-3.9443,119.7848,74.61,94,100,1.23,overcast clouds,2022-01-16 22:12:27
650,Zhoucheng,CN,35.9122,116.3117,30.67,63,5,3.71,clear sky,2022-01-16 22:13:27
651,Monroe,US,43.1501,-77.6831,29.71,40,75,11.5,broken clouds,2022-01-16 22:13:27
652,Bidhuna,IN,26.8022,79.5088,46.2,58,0,2.98,clear sky,2022-01-16 22:13:28
653,Kattivakkam,IN,13.2167,80.3167,81.07,83,98,9.62,overcast clouds,2022-01-16 22:13:28
654,Sibolga,ID,1.7427,98.7792,75.52,88,52,3.51,broken clouds,2022-01-16 22:13:28
655,Ciparay,ID,-7.4249,108.4742,74.77,95,40,1.79,scattered clouds,2022-01-16 22:13:28
656,Okhotsk,RU,59.3833,143.3,-12.42,80,1,9.6,clear sky,2022-01-16 22:13:29
657,Portland,US,45.5234,-122.6762,51.46,81,75,4.0,broken clouds,2022-01-16 22:13:09
658,Mindelo,CV,16.8901,-24.9804,72.95,60,20,6.91,few clouds,2022-01-16 22:13:29
659,Purpe,RU,64.4803,76.6897,12.15,94,100,16.13,overcast clouds,2022-01-16 22:13:29
660,Wuzhou,CN,23.4833,111.3167,53.64,78,100,4.23,overcast clouds,2022-01-16 22:13:30
661,Nakamura,JP,32.9833,132.9333,41.65,78,100,6.98,overcast clouds,2022-01-16 22:13:30
662,Bajil,YE,15.0584,43.2851,77.13,69,5,5.86,clear sky,2022-01-16 22:13:30
663,Tomatlan,MX,19.9333,-105.25,83.41,56,100,8.79,overcast clouds,2022-01-16 22:13:30
664,Sechura,PE,-5.5569,-80.8222,78.93,62,30,20.24,scattered clouds,2022-01-16 22:13:31
665,Anadyr,RU,64.75,177.4833,-19.7,76,0,6.71,clear sky,2022-01-16 22:13:31
666,Santiago,CL,-33.4569,-70.6483,74.28,47,75,9.22,broken clouds,2022-01-16 22:13:31
667,Kamaishi,JP,39.2667,141.8833,34.23,72,55,11.88,broken clouds,2022-01-16 22:13:31
668,Drinovci,BA,43.355,17.3539,36.82,52,6,2.37,clear sky,2022-01-16 22:13:32
669,Wawa,NG,9.9022,4.4192,79.05,18,80,5.75,broken clouds,2022-01-16 22:13:32
670,Banjar,ID,-8.19,114.9675,78.66,92,100,2.42,moderate rain,2022-01-16 22:13:32
671,Kon Tum,VN,14.35,108.0,57.83,95,37,2.98,scattered clouds,2022-01-16 22:13:33
672,Angoche,MZ,-16.2325,39.9086,76.6,89,100,5.3,overcast clouds,2022-01-16 22:13:33
673,Mlonggo,ID,-6.5333,110.7,72.52,88,100,7.34,overcast clouds,2022-01-16 22:13:33
674,Sibi,PK,29.5448,67.8764,62.89,46,100,1.68,overcast clouds,2022-01-16 22:13:33
675,Slonim,BY,53.0867,25.3219,30.27,96,100,13.71,snow,2022-01-16 22:13:34
676,Pizarro,CO,4.9533,-77.366,80.04,79,92,6.11,overcast clouds,2022-01-16 22:13:34
677,Vaitape,PF,-16.5167,-151.75,80.56,80,100,16.2,light rain,2022-01-16 22:13:34
678,Creel,MX,27.75,-107.6333,59.65,34,51,12.35,broken clouds,2022-01-16 22:13:35
